bbsName, bbsSysop, newLogin, TelnetAddress, bbsPort, sshPort, WebAddress, location, Modem, software
13th Floor BBS (C64 Version 1),Hoy Brothers,,13th.hoyvision.com,6400,,,"Oak Ridge, TN, USA",,""
13th Floor BBS (C64 Version 2),Hoy Brothers,NEW,bbs.hoyvision.com,6400,,http://imagebbs.net,"Knoxville, TN, USA",,"Image BBS"
13th Leader BBS,pjones1063,,13leader.net,8023,,http://13leader.net,"Vineland, Ontario, Canada",,"Mystic"
20 For Beers (Mystic),paul lee,Desired Handle,20forbeers.com,1337,,,"Beaverton, OR, USA",,"Mystic"
20 For Beers (Synchronet),paul lee,NEW,rcsync.synchronetbbs.org,,,,"Richardson, TX, USA",,"Synchronet"
3 Corners BBS,,NEW,3corners.us,,,,"Charlotte, NC, USA",,"Synchronet"
79 Columns,haliphax,apply,oddnetwork.org,23,22,http://oddnetwork.org/bbs,", Missouri, USA",,"X/84"
8-Bit Boyz BBS,Shane O'Neill,Desired Handle,bbs.8bitboyz.com,6502,,http://8bitboyz.com,"Rio Rancho, NM, USA",,"Mystic"
8-Bit Classics BBS,,Desired Handle,bbs.8bitclassics.com,,,,"Oshkosh, WI, USA",,"Mystic"
8-Bit Playground,Hoy Brothers,,8bit.oldschoolbbs.com,6400,,http://oldschoolbbs.com,"Antioch, TN, USA",,"CNet"
8BitGeek BBS,,NEW,8bitgeek.net,,,,"Wilmington, DE, USA",,"Synchronet"
A 80's Apple II BBS,P_Clarkson,,a80sappleiibbs.ddns.net,6502,,,"Hanover, , Germany",,"GBBS Pro"
A2K4.com,,Real Name,bbs.a2k4.com,,,,"Kansas City, MO, USA",,"Wildcat"
Abacus BBS,Rick Smith,,bbs.abon.us,2323,2222,http://Http: //www.abon.us,"Portland, OR, USA",,"Mystic"
Absinthe BBS,Anachronist,NEW,absinthebbs.net,1940,,,"Raleigh, NC, USA",,"CNet Pro"
Abyss BBS,,NEW,bbs.abyssnode.net,23,,,"Buffalo, NY, USA",,"YAWC"
Acid Underworld,,Desired Handle,blackflag.acid.org,31337,,,"Hudson, FL, USA",,"Mystic"
ACME BBS,Don Lowery,Desired Handle,acmebbs.ddns.net,7788,,,"Albany, OR, USA",,"Mystic"
Addicts Corner,,Desired Handle,202.137.242.82,23,,,"Dunedin, , New Zealand",,"Mystic"
Adept BBS,Ragtop,,adeptbbs.com,23,,http://www.adeptbbs.com,"Louisville, KY, USA",,"Worldgroup"
After Earth,EC,Desired Handle,lishmud.com,9002,,,"Phoenix, AZ, USA",,"MUD"
After Hours BBS,linuxhavok,NEW,ah-bbs.com,2333,2020,,"Inverness, FL, USA",,"Mystic"
Agency BBS,Avon,new,agency.bbs.nz,23,2024,http://bbs.nz,"Dunedin, , New Zealand",,"Mystic"
Agustin's BBS,,Desired Handle,35.224.171.255,,,,"Council Bluffs, IA, USA",,"Mystic"
Akkadia,,Desired Handle,116.203.227.82,2023,,,"Gunzenhausen, , Germany",,"Mystic"
AlcaBBS,,NEW,bbs.alcatrash.org,23,,,"Apeldoorn, , Netherlands",,"Synchronet"
Alcatraz BBS,,NEW,alcatrazbbs.ddns.net,9000,,,"Allentown, PA, USA",,"ExpressNet"
Aleco Experience BBS,,NEW,bbs.alecoexp.cz,23,,http://bbs.alecoexp.cz,"Prague, , Czech Republic",,"EleBBS"
Alley Cat BBS,,NEW,alleycat.synchro.net,23,,,"Dartmouth, NS, Canada",,"Synchronet"
AlleyCat! BBS Game Server,,NEW,museum.synchro.net,2325,,,"Dartmouth, NS, Canada",,"Synchronet"
Alpha Centauri BBS,Jahmas,NEW,acentauribbs.no-ip.org,2002,,,"West Barnstable, MA, USA",,"WWIV"
AlSayr BBS,Jacob Cohen,NEW,alsayr.com,,,,"Westfield, IN, USA",,"Synchronet"
ALTERANT,deon,NEW,alterant.leenooks.net,23,,,"Parkdale, VIC, Australia",,"Synchronet"
Altere's BBS,,Desired Handle,nyx.zirak.org,,,,"Secaucus, NJ, USA",,"Mystic"
Amiga City,MarisaG,New,amigacity.xyz,23,3459,http://amigacity.xyz,"South San Francisco, CA, USA",,"Synchronet"
Amiga City TWGS,,Enter,107.174.192.205,,,,"Los Angeles, CA, USA",,"TWGS"
Amiga Frontier BBS (2),KrUpTiOn,NEW,frontierbbs.net,2023,,,"Akron, OH, USA",,"Daydream"
Amiga Outpost,,NEW,cnetbbs.dynu.net,1940,,,"Vienna, VA, USA",,"CNet"
Amiga Underground,karynroberts,,amigaunderground.com,2300,,http://amigaunderground.com,"Socorro, NM, USA",,"AmiExpress"
Amstrad BBS,simulant,New,amstrad.simulant.uk,464,6128,http://amstrad.simulant.uk,"York, , United Kingdom",,"Synchronet"
Anarchy Underground,,NEW,aubbs.dyndns.org,2300,,,"Cincinnati, OH, USA",,"C-Base"
Animeyo BBS,,guest,bbs.animeyo.com,,,,"Tokyo, , Japan",,"Custom"
Another Droid BBS,,Desired Handle,andr01d.zapto.org,9999,,,"Athens, , Greece",,"Mystic"
Antidote,,NEW,antidote.triad.se,64128,,,"Bjuv, , Sweden",,"C-Base"
Anybox,,new,anybox.freedyndns.de,23,,,"Hamburg, , Germany",,"Synchronet"
Apernevan.tk BBS,apernevan,,apernevan.tk,23,,http://apernevan.tk,"Arad, , Romania",,"Mystic"
Arcadia BBS,Michael Pedersen,Desired Handle,bbs.arcadiabbs.com,23,22,http://www.arcadiabbs.com,"Putnam, CT, USA",,"Mystic"
Archaic Binary,zharvek,Choose from Menu,bbs.archaicbinary.net,23,22,http://www.archaicbinary.net/bbs,"Orlando, FL, USA",,"Custom"
Arctic Zone BBS,,NEW,bbs.arcticzonebbs.net,23,,,"Richmond, VA, USA",,"Worldgroup"
ArcticZone Demo & Test System,,NEW,108.4.64.131,,,,"Richmond, VA, USA",,"Worldgroup"
AT2K Design BBS,Steve Winn,NEW,bbs.at2k.org,23,,http://www.at2k.org,"Clarksville, TN, USA",,"Virtual Advanced"
Atavachron BBS,Scott Comstock,NEW,bbs.atavachronbbs.net,23,,,"Newark, NJ, USA",,"Synchronet"
Athelstan BBS,,NEW,athelstan.org,23,,,"Houston, TX, USA",,"Synchronet"
Atlantic Data Images,,NEW,adibbs.sytes.net,6800,,,"Harrisburg, PA, USA",,"CNet Pro"
Atlantis BBS,,NEW,atl.ddns.net,6401,,,"Atlanta, GA, USA",,"Image BBS"
Atrium BBS,Cloudscout,,atriumbbs.org,23,,,"Minneapolis, MN, USA",863-342-5007,"DOC"
Auntie Bodies BBS,Andrew Muldoon,NEW,auntiebodiesbbs.ddns.net,2324,,http://www.auntiebodiesbbs.co.uk,"Cardiff, Wales, UK",,"Synchronet"
Avalon Isle BBS,,NEW,atl.ddns.net,6400,,,"Atlanta, GA, USA",,"Image BBS"
AVL-SYS BBS,Ranger,NEW,avl-sys.servebbs.net,23,,,"Wausau, WI, USA",,"Synchronet"
Ayashii Channel BBS,,Desired Handle,quipna.com,376,,,"New York City, NY, USA",,"Mystic"
Babes On Fire,,Desired Handle,babesonfire.nl ,23,,,"London, , England",,"Daydream"
Back to the Future,outatime,NEW,bttfbbs.com,23,22,http://bttfbbs.com,"State College, PA, USA",,"X/84"
Backwood Realm BBS,Tim Wray,NEW,bwrbbs.ddns.net,23,,http://backwoodrealm.com,"Bedford, IN, USA",,"Synchronet"
Bad Cow BBS,,guest,bbs.badcow.com.tw,,,,"Taipei, , Taiwan",,"Custom"
Bad Users BBS,Kent Stanford,,bbs.badusers.com,24,,http://www.badusers.com,"Amory, MS, USA",,"Wildcat"
Bahama BBS,,NEW,bahama.site,,,,"Tulsa, OK, USA",,"Enigma 1/2"
Ballon BBS,🎈 BALLOON &#124; FU-SEN,,balloon.tel,55223,,,"Shibata-gun (Near Sendai), Miyagi, Japan",,"Mystic"
Baltimore Compuserv,,Desired Handle,baltimore.bbs.compuserv.org,2300,,,"Portland, OR, USA",,"Mystic"
Banana Bender BBS,retrohack,,bbs.retrohack.se,8484,,,"Ahus, , Sweden",,"X/84"
Bandit BBS,,NEW,clark-home.com,,,,"Rockingham, NC, USA",,"Synchronet"
Basement BBS (1),John Polka,,basementbbs.ddns.net,9000,,http://basementbbs.ddns.net:7000/,"Portland, OR, USA",503-245-5416,"BBS Express Pro"
Basement Theory,jdavid,NEW,basement.synchro.net,23,2618,,"Sciotoville, OH, USA",,"Synchronet"
Batboard BBS,,Real Name,173.24.78.13,23,,,"Columbia, MO, USA",,"Wildcat"
Battlestar Atlantis,mark i,Real Name,atlantisbbs.dyndns.org,2600,,,"Doylestown, PA, USA",,"Wildcat"
Battlestar BBS,mark i,NEW,battlestarbbs.dyndns.org,23,,http://battlestarbbs.dyndns.org,"Warminster, PA, USA",,"Synchronet"
Battlestar Gemini,mark i,NEW,geminibbs.dyndns.org,2800,,,"Warminster, PA, USA",,"Talisman BBS"
Battlestar II BBS,mark i,,battlestar2.dyndns.org,2626,,,"Warminster, PA, USA",,"Worldgroup"
Battlestar III BBS,mark i,Desired Handle,battlestar3.dyndns.org,2400,,,"Doylestown, PA, USA",,"Mystic"
Battlestar Pegasus,mark i,NEW,pegasusbbs.dyndns.org,28,,,"Philadelphia, PA, USA",,"Renegade"
Baud BBS,richorr,Desired Handle,bbs.baud.games,6502,,,"Kirkland, WA, USA",,"Mystic"
Bayou BBS,,NEW,bay.jayscafe.net,6401,,,"Houma, LA, USA",,"Image BBS"
BBS Development,,NEW,bbsdev.net,23,,,"Los Angeles, CA, USA",,"Synchronet"
BBS Gametime,,Desired Handle,mystic.bbsgametime.com,,,,"Pittsburgh, PA, USA",,"Mystic"
BBS Retroacademy,,new,bbs.retroacademy.it,6510,,,"London, , England",,"Petscii BBS"
BBS.Telnet.Games,,NEW,bbs.telnet.games,,,,"Montreal, QC, Canada",,"Synchronet"
BCG-Box,,Real Name,bbbs.net,23,,http://bbbs.net,"Turku, , Finland",,"BBBS"
BCR Games Server,d_rebel,,bcrgames.com,31337,,http://www.bcrgames.com,"Hollywood, CA, USA",,"Wildcat"
Bear's Den,Mat Sanders,NEW,bbs.bearfather.net,23,,http://www.bearfather.net,"Portland, OR, USA",,"Worldgroup"
Before the Web,Dallas Vinson,,furmenservices.net,23232,,,"Huntsville, AL, USA",,"Mystic"
Beggar's Canyon,,NEW,beggarscyn.com,,,,"Las Vegas, NV, USA",,"Synchronet"
Big Time BBS,,Desired Handle,bigtime.magnum.uk.net,2323,2222,,"London, , England",+44 1484 320007,"Mystic"
Binary Dreams BBS,,NEW,binarydreamsbbs.ddns.net,53412,,,"Bentonville, AR, USA",,"Synchronet"
Binary Pi BBS,,NEW,binarypibbs.ddns.net,53417,,,"Bentonville, AR, USA",,"Mystic"
Binomica Biological Plumbers Union,,NEW,62.151.183.20,,,,"Kansas City, MO, USA",,"Synchronet"
Bit Sunrise,d_rebel,NEW,bitsunrise.com,23,,http://www.bitsunrise.com,"Los Angeles, CA, USA",,"Wildcat"
Bits & Bytes BBS,AJLeary,Real Name,bbs.bnbbbs.net,2023,,,"North Stonington, CT, USA",,"EleBBS"
Black Flag BBS (Mystic),Hawk Hubbard,Desired Handle,blackflagbbs.com,23,,,"Hudson, FL, USA",,"Mystic"
Black Flag BBS (Oblivion/2),Hawk Hubbard,,blackflag.acid.org,2629,,,"Hudson, FL, USA",,"Oblivion/2"
Black Flag BBS (PCBoard),Hawk Hubbard,NEW,blackflagbbs.com,2627,,,"Hudson, FL, USA",,"PCBoard"
Black Flag BBS (Searchlight),Hawk Hubbard,NEW,blackflagbbs.com,24,,,"Hudson, FL, USA",,"Searchlight"
Black House BBS,,NEW,blackhouse.synchronetbbs.org,23,,,"Fremont, CA, USA",,"Synchronet"
Black Lodge Research BBS,,Desired Handle,blacklodge.fsxnet.nz,4023,,,"Redmond, WA, USA",,"Mystic"
Blackfair's Manor,Lord Blackfair,,blackf.synchro.net,23,,http://blackf.synchro.net,"Lancaster, PA, USA",,"Synchronet"
BlackICE,blackice,Desired handle,blackice.bbsindex.de,23,,http://bbsindex.de,"Duesseldorf, , Germany",+49 1577 / 327 49 55 (GSM-Modem),"Mystic"
Blood Stone,Jimmy Mac,NEW,wwiv.bsbbs.com,2323,22,http://www.bsbbs.com,"Rohnert Park, CA, USA",,"WWIV"
Bluehard BBS,Adam Davenport,,bbs.bluehard.com,,,http://bbs.bluehard.com,"Ashburn, VA, USA",,"Worldgroup"
Bluenote Music Source BBS,John Floy,new,bluenote.synchro.net,23,,http://bluenote.synchro.net,"Oklahoma City, OK, USA",,"Synchronet"
Boink Machine,,NEW,54.219.117.10,2323,,,"Appleton, WI, USA",,"Worldgroup"
BoobTube,,NEW,68.203.22.252,23,,,"Austin, TX, USA",,"Synchronet"
Book Chat BBS,,NEW,64.227.102.3,8888,,,"Santa Clara, CA, USA",,"Enigma 1/2"
Boot Factory 2K,,new,bfbbs.no-ip.com,8888,,,"Richmond, VA, USA",,"Atari"
Borderline BBS,Andrew Wiskow,Press Return/Enter,borderlinebbs.dyndns.org,6400,,http://borderlinebbs.dyndns.org,"Hemet, CA, USA",951-652-1690,"All American"
Bottomless Abyss BBS,stackfault,,bbs.bottomlessabyss.net,2023,2222,http://bbs.bottomlessabyss.net,"Quebec City, QC, Canada",,"Mystic"
Box 24 BBS,,Real Name,bbs.box24.ch,,,,"Zurich, , Switzerland",,"Wildcat"
BrainToys BBS,,NEW,braintoys.org,23,,http://www.braintoys.org,"Los Angeles, CA, USA",,"Worldgroup"
BRBBS,brbbs,Desired Handle,brbbs.ddns.net,2323,,,"Portland, OR, USA",,"Mystic"
Brett Bender BBS,,Desired Handle,185.86.231.17,2323,,,"Philadelphia, PA, USA",,"Mystic"
Brewery BBS,Baldrick,NEW,thebrewery.servebeer.com,6400,,,"Shelburne, NS, Canada",,"GBBS, GBBS Pro"
Brian's Blog TWGS,,Enter,tw2002.briancmoses.com,,,,"San Antonio, TX, USA",,"TWGS"
Bridge BBS,,,bridge.vkradio.com,23,,,"Bendigo, VIC, Australia",,"Mystic"
Brokedown Palace (Dev),,NEW,142.47.91.139,2323,,,"Toronto, ON, Canada",,"WWIV"
Brokedown Palace BBS,,NEW,palace.brokedownpalace.online,2323,,,"Kitchener, ON, Canada",,"WWIV"
Broken Bubble BBS,,NEW,bbs.thebrokenbubble.com,23,,http://www.thebrokenbubble.com,"Beacon Falls, CT, USA",,"Synchronet"
Brotherhood of Groovyness,,NEW,b-o-g.net,23,,,"Sioux City, IA, USA",,"Synchronet"
Bstorm's BBS,,NEW,168.235.95.191,2323,,,"Los Angeles, CA, USA",,"WWIV"
BubbaBrother BBS,Abhi Barthakur,,bubbatube.barthakur.com,23,,http://barthakru.com,"Guwahati, , India",,"Mystic"
Buces,,,bbs.buces.org,3131,,,"Amsterdam, , The Netherlands",,"Custom"
Bucko's Den II,Bucko,,bd2.duckdns.org,6800,,http://wnbbs.duckdns.org,"Yorktown Heights, NY, USA",,"Enigma 1/2"
Bunker BBS,,NEW,bunkerbbs.synchronetbbs.org,,,,"Toronto, ON, Canada",,"Synchronet"
ByteXchange BBS,Nugax,,bbs.thebytexchange.com,23,,,"Lindale, TX, USA",,"Mystic"
BZ & BZ BBS,bugz,Desired Handle,bbs.red-green.com,8888,2022,http://bbs.red-green.com,"Atlanta, GA, USA",,"Enigma 1/2"
C=Meeting BBS,,NEW,cbm.ip1.at,6400,,,"Vienna, , Austria",,"Synchronet"
Canadian Rebel Biker BBS,Dave Labbey,NEW,canadianrebel.sytes.net,1981,,http://canadianrebel.sytes.net:90/,"Prince George, BC, Canada",,"Synchronet"
Cannerduh,,Desired Handle,bbs.canerduh.com,23905,,,"Medicine Hat, AB, Canada",,"Mystic"
Capital City Expressway BBS,,NEW,162.210.249.56,,,,"Seattle, WA, USA",,"Worldgroup"
Capital Station BBS,Gregory Deyss,NEW,csbbs.dyndns.org,23,,,"Schodack, NY, USA",,"Mystic"
Capitol City Online BBS,Mike Powell,NEW,capitolcityonline.net,23,,http://capcity2.synchro.net,"Frankfort, KY, USA",,"Synchronet"
Capitol Shrill BBS,nolageek,NEW,capitolshrill.com,23,22,http://www.capitolshrill.com,"Washington, DC, USA",,"Synchronet"
Captain's Quarters BBS & AE Line,Byte Knight,,cqbbs.ddns.net,6502,,,"Waconia, MN, USA",,"Warp Six"
Captain's Quarters II,Byte Knight,,cqbbs.ddns.net,6800,,http://cqbbs.ddns.net,"Waconia, MN, USA",,"Mystic"
Carnifexian Utopia TWGS,,Enter,sbbs.sytes.net,53,,,"Portland, OR, USA",,"TWGS"
Castle BBS,,NEW,24.236.253.248,23,,,"Holland, MI, USA",,"Worldgroup"
Castle Rock BBS (1),,NEW,casrock.com,23,,http://www.casrock.com,"Janesville, WI, USA",,"Worldgroup"
Castle Rock BBS (2),,NEW,cedarvalleybbs.com,2424,,,"Marion, IA, USA",,"Worldgroup"
Castle Rock BBS (3),Black Panther,NEW,bbs.castlerockbbs.com,23,,http://www.castlerockbbs.com,"Rio Rancho, NM, USA",,"Mystic"
Catpit BBS,,guest,bbs.cis92.net,,,,"Heiwajima, , Japan",,"MapleBBS"
Caught In A Dream,,NEW,44.233.216.146,,,,"Denver, CO, USA",,"Synchronet"
Cavan Rural Community Wi-Fi Network,,Real Name,www.crcwn.online,23,,,"Ardee, , Ireland",,"Wildcat"
Cave BBS,,NEW,cavebbs.homeip.net,23,,http://www.cavebbs.com,"Raleigh, NC, USA",,"Synchronet"
CBBS/NV,Patrick Linstruth,,cbbs.mitsaltair.com,8800,,,"Elko, NV, USA",702-216-6148,"CBBS"
CCUW BBS,,Desired Handle,rtc.to,23,,,"Rotkreuz, , Switzerland",,"Mystic"
CedarValley BBS,,NEW,cedarvalleybbs.com,2525,,http://www.cedarvalleybbs.com,"Marion, IA, USA",,"Worldgroup"
CedarValley's Arcade,,NEW,cedvalar.synchro.net,23,,,"Marion, IA, USA",,"Synchronet"
Celtic Broch BBS,,NEW,tcb.synchronetbbs.org,23,,,"Asheville, NC, USA",,"Synchronet"
Central Headquarters BBS,,Desired Handle,chq.boardz.org,2023,,http://chq.ddns.net,"Hermosa Beach, CA, USA",,"Mystic"
Central Ontario Remote (1),mickeym,Desired Handle,centralontarioremote.com,2323,,http://centralontarioremote.com:8080,"Trent Hills, ON, Canada",,"Mystic"
Central Ontario Remote (2),,,centralontarioremote.com,2300,,,"Trent Hills, ON, Canada",,"CNet Pro"
Central Ontario Remote (TWGS),,Enter,centralontarioremote.com,2002,,,"Trent Hills, ON, Canada",,"TWGS"
Centronian BBS,alterus,Just enter a new handle and the system will detect if the account already exists.,bbs.centronian.ca,6400,,http://centronian.ca,"Victoria, BC, Canada",,"Magnetar BBS"
Chaos Reigns TWGS,,Enter,74.208.183.250,,,,"Chesterbrook, PA, USA",,"TWGS"
Cheeze Daddy's House of Funk,Jeffrey Worley,Desired Handle,atari8.us,10001,,,"Miami, FL, USA",,"Carina II"
Chelny,,NEW,bbs.chelny.online,23,,,"Naberezhnye Chelny, , Russia",,"Synchronet"
Chingon BBS,,Desired Handle,chingon.araknet.xyz,31337,,,"Covina, CA, USA",,"Mystic"
Choice Core BBS (1st),,NEW,1stchoicecore.co.nz,23,,,"Ashburton, , New Zealand",,"Synchronet"
Choice Core BBS (2nd),,,2ndchoicecore.ddns.net,1024,,,"Ashburton, , New Zealand",,"Mystic"
Choice Core BBS (3rd),,,3rdchoicecore.ddns.net,1022,,,"Ashburton, , New Zealand",,"Mystic"
Choice Core BBS (4th),,NEW,4thchoicecore.ddns.net,1026,,,"Christchurch, , New Zealand",,"Synchronet"
Christ Followers BBS,rcamp48,Real Name,christfollowersbbs.ca,23,,http://christfollowersbbs.ca,"Kitchener, ON, Canada",,"Wildcat"
Chysas BBS,,NEW,204.195.0.128,,,,"Portland, OR, USA",,"Worldgroup"
CIA Amiga BBS,tlgrooms,,ciaamigabbs.dynu.net,6400,,http://www.ciaamiga.org,"Mayflower, AR, USA",,"Zeus"
Citadel 64 BBS,chiefnerd,,citadel64.thejlab.com,6400,,,"Oakdale, California, USA",,"commodore"
Cittadella BBS,,Ospite,bbs.cittadellabbs.it,4001,,http://bbs.cittadellabbs.it,"Milano, , Italy",,"Cittadella/UX"
Citynet,,NEW,major.butt.care,625,,,"Morgantown, WV, USA",,"MajorBBS"
CJ's Place,Chris Johnson,NEW,cjsplace.thruhere.net,23,,,"Orange City, FL, USA",,"Synchronet"
Clam-Test BBS,,guest,clam.ml,23,,,"Taipei, , Taiwan",,"Custom"
ClassicMUD,,NEW,bbs.classicmud.com,2323,,,"Seattle, WA, USA",,"Worldgroup"
ClownSec Phunhouse BBS,,Desired Handle,185.38.15.212,,,,"Amsterdam, , The Netherlands",,"Mystic"
Clube da Insonia BBS,,NEW,bbs.conf.eti.br,,,,"Rio de Janeiro, , Brazil",,"Synchronet"
Clutch BBS,,Real Name,bbs.clutchbbs.com,23,,,"Brantford, ON, Canada",,"Mystic"
Cnetbbs.dynu.net,ptaylor,new,cnetbbs.dynu.net,1940,,http://www.cnetbbs.dynu.net/bbs/,"Vienna, VA, USA",,"CNet Pro"
Code DC's BBS,,Desired Handle,dalesmail.co.uk,2323,,,"Great Yarmouth, , England",,"Mystic"
Code Red BBS (1),mark i,New,coderedbbs.dyndns.org,2323,,,"Warminster, PA, USA",,"Synchronet"
Code Red BBS (2),,NEW,coderedmud.servegame.com,2323,,,"Vancouver, WA, USA",,"Worldgroup"
Colorado Springs Network (Mystic),,Desired Handle,cscnet1.net,23,,,"Knoxville, TN, USA",,"Mystic"
Colorado Springs Network (TWGS),,Desired Handle,cscnet1.net,2002,,,"Knoxville, TN, USA",,"TWGS"
Colossus BBS (1),,NEW,bbs.qzwx.com,23,,http://www.qzwx.com,"Centreville, VA, USA",,"WWIV"
Colossus BBS (2),,NEW,bbs.excalibursheath.com,,,,"Santa Clar, CA, USA",,"Synchronet"
CombatNet Support BBS,,Desired Handle,bbs.combatnet.us,23,,,"Clifton, NJ, USA",,"Mystic"
Commodore Image,X-Tec,NEW,cib.dyndns.org,6400,,,"Lakeland, FL, USA",,"Image BBS"
Commodore Image 2,X-Tec,NEW,cib.dyndns.org,6401,,,"Lakeland, FL, USA",,"Image BBS"
Commodore Image 3,X-Tec,NEW,cib.dyndns.org,6402,,,"Lakeland, FL, USA",,"Image BBS"
Comms Nuts BBS,Danny Moss,,workstation.ddmcomputers.com.au,2323,,,"Hobart, Tasmania, Australia",,"Mystic"
Communication Connection BBS,Jeffrey Squires,Desired Handle,commconnbbs.net,,,,"Rochester Hills, MI, USA",,"Mystic"
Compufuck BBS,Aaron Thomas,Desired Handle,compufuck.xyz,23,,,"Binghamton, NY, USA",,"Mystic"
Computer Connection BBS,,NEW,tccbbs.com,,,,"Clarksburg, WV, USA",,"Synchronet"
Computer Express (Synchronet),,NEW,cebbs.costakis.org,23,,,"Anoka, MN, USA",,"Synchronet"
Computer Express (Wildcat),,Real Name,bbs.costakis.org,3141,,,"Anoka, MN, USA",,"Wildcat"
ConstructiveChaos BBS,Craig Hendricks,NEW,conchaos.synchro.net,23,2278,http://conchaos.synchro.net,"North Canton, OH, USA",,"Synchronet"
Convolution BBS,,NEW,convolution.us,23,,http://convolution.us,"Macungie, PA, USA",,"Synchronet"
Cottonwood BBS,Andrew Wiskow,,cottonwoodbbs.dyndns.org,6502,,http://cottonwoodbbs.dyndns.org,"Hemet, CA, USA",951-652-1690 ,"Color 64"
Crazy Eric's BBS,,NEW,bbs.crazyerics.com,23,,,"Everett, WA, USA",,"Synchronet"
Crazy Paradise,,NEW,cpbbs.de,2323,,,"Berlin, , Germany",,"commodore"
CRBBS FTN-QWK Gateway,,NEW,184.155.113.241,2323,,,"Rio Rancho, NM, USA",,"Synchronet"
CrNET BBS,John Gonzales,Desired Handle,bbs.crnet.net,23,,,"St. James, NY, USA",,"Mystic"
Cruncher`s TWGS,,Enter,cruncherstw.no-ip.biz,2002,,,"Dallas, TX, USA",,"TWGS"
Crystal Palace,beau,,cptalker.com,9900,,,"Chicago, IL, USA",,"Custom"
Cult of James BBS,,des,bbs.cultofjames.org,9023,,,"Louisville, KY, USA",,"Mystic"
Cult of the Shaky Shell,,NEW,35.198.6.23,8888,,,"Sao Paulo, , Brazil",,"Enigma 1/2"
Curfew BBS,,NEW,curfew.phatstar.org,2323,,,"Wayne, PA, USA",,"Synchronet"
Curse of Fenric,Twitch NLN,NEW,fenric.muppetwhore.net,23,,http://fenric.muppetwhore.net,"Atlanta, GA, USA",404-891-0050,"Synchronet"
Cyberia BBS,,Real Name,sysgod.org,23000,,,"Sydney, NSW, Australia",,"EleBBS"
DadosBlade BBS,,NEW,dadosbladebbs.dyndns.org,,,,"Hammond, LA, USA",,"Worldgroup"
Danger Bay BBS,Night Rider,Apply - Open to All,dangerbaybbs.dyndns.org,1337,,,"Vancouver, BC, Canada",,"PCBoard"
Dank Domain: The Return of Hack & Slash,Robert Hurst,,play.ddgame.us,23,,http://www.ddgame.us,"Providence, RI, USA",,"Custom"
Dark Forces BBS,mark i,Desired Handle,darkforcesbbs.dyndns.org,2200,,,"Warminster, PA, USA",,"Mystic"
Dark Realms,,NEW,darkrealms.ca,23,,http://www.darkrealms.ca,"Toronto, ON, Canada",,"Renegade"
Dark Systems BBS,Aaron Grasswell,Real Name,bbs.dsbbs.ca,,,http://www.dsbbs.ca,"Peterborough, Ontario, Canada",,"RemoteAccess"
DarkAges BBS,,NEW,darkagesbbs.com,,,,"Dallas, TX, USA",,"Mystic"
Darkest Hour,,NEW,dhbbs.org,,,,"Phoenix, AZ, USA",,"Worldgroup"
DarkForce! BBS,Ronald Hall,new,darkforce-bbs.dyndns.org,520,,,"Prestonsburg, KY, USA",,"Atari, BBS Express! ST v1.98a"
Darklevel,knobby / ROLE,NEW,darklevel.hopto.org,64128,,http://csdb.dk/bbs/?id=1891,"near Frankfurt, Hesse, Germany",,"CBase"
Darkscience BBS,,NEW,bbs.darkscience.net,23,,,"Fremont, CA, USA",,"Synchronet"
Darkside BBS,,NEW,darksidebbs.com,23,,,"Mansfield, OH, USA",,"Worldgroup"
Darkwood BBS,Colin Thrag,NEW,darkwood.ddns.net,23,,,"Chicago, IL, USA",,"Worldgroup"
Datanet BBS,rEApZ,NEW,datanetbbs.net,23,,http://datanetbbs.net,"Geelong, VIC, Australia",,"Mystic"
Dave's BBS,Dave,,davesbbs.com,23,,,"Marbury, AL, USA",,"Mystic"
Dawn of Demise (1),septantrionalis,NEW,tdod.org,23,,,"Denver, CO, USA",,"Worldgroup"
Dawn of Demise (2),septantrionalis,,tdod.org,3000,,http://tdod.org/mbbs/,"Denver, CO, USA",,"MajorBBS"
Dawn of Demise (3),septantrionalis,NEW,tdod.org,5000,,,"Denver, CO, USA",,"Synchronet"
DC770 BBS System,,Desired Handle,50.116.46.154,23,,,"Atlanta, GA, USA",,"Mystic"
Dead Zone BBS,,,dzbbs.hopto.org,64128,,,"Philadelphia, PA, USA",,"commodore"
Deadbeatz BBS,Tim Blada,Desired Handle,deadbeatz.org,23,,,"Albuquerque, NM, USA",,"Mystic"
Deadbird BBS,,NEW,136.244.110.97,8888,,,"Amsterdam, , The Netherlands",,"Enigma 1/2"
Death Gate BBS,,NEW,sbbs.sytes.net,,,,"Portland, OR, USA",,"Synchronet"
Decker's Heaven BBS,,,bbs.deckersheaven.com,23,,,"Gainesville, FL, USA",,"Synchronet"
Deep Blue BBS,,Desired Handle,81.231.1.33,,,,"Perstorp, , Sweden",,"Mystic"
Deep Space Gateway BBS,Sam,,bbs.deepspacegateway.net,2383,,http://www.deepspacegateway.net,"Crystal River , FL, USA",,"Ezycom"
Deep Thought BBS,Nick Burchett,,bbs.deepthoughtbbs.com,4242,,http://deepthoughtbbs.com,"Topeka, KS, USA",,"WWIV"
Delta City BBS,Joacim Melin,,deltacity.se,23,22,http://www.deltacity.se,"Stockholm, SE, Sweden",+46-8-6058800,"Amiga, NiKom"
Demigoth BBS,Sithra,Desired Handle,bbs.demigoth.com,,,http://www.demigoth.com,"Seattle, WA, USA",,"Mystic, TWGS"
Demonsnet BBS,Bob Dobbs,,demonsnet.com,23,,http://https://demonsnet.com,"Vancouver, BC, Canada",,"Worldgroup"
Den Of Iniquity,,NEW,denofiniquity.caltrops.com,23,,,"Fremont, CA, USA",,"Synchronet"
DenkiToshi BBS,,Desired Handle,92.222.94.208,,,,"Roubaix, , France",,"Mystic"
Denver MF Coder,,NEW,45.32.195.183,,,,"Dallas, TX, USA",,"Synchronet"
Dept. 47 BBS,,NEW,dept47.bbses.info,23,,,"Montreal, QC, Canada",,"EleBBS"
Dewy BBS,,NEW,bbs.dewy.ru,23,,,"Moscow, , Russia",,"Synchronet"
DHXY,,,dhxy.info,,,,"Singapore, , Singapore",,"Custom"
Diamond Mine Online,diamond45,NEW,bbs.dmine.net,24,,http://www.dmine.com,"Fredericksburg, VA, USA",540-370-9140 (dmine/dmine),"Synchronet"
Digicom BBS,DigicomBBS,,bbs.digicombbs.com,23,,http://digicombbs.com,"Evansville, IN, USA",,"Mystic"
Digital Distortion,Eric Oulashin,NEW,digitaldistortionbbs.com,23,,http://digdist.bbsindex.com,"Beaverton, OR, USA",,"Synchronet"
Digital Gatehouse,,Desired Handle,bbs.digitalgatehouse.com,23,,,"Hockley Valley, ON, Canada",,"Mystic"
Digital Lethargia BBS,,NEW,www.diglet.ca,,,,"Toronto, ON, Canada",,"Synchronet"
Digital Realms BBS,,New,connect.digitalrealms.net,2323,,,"Chatham, ON, Canada",,"Synchronet"
Digital Shelter BBS,,NEW,digitalshelter.net,,,,"Cleveland, TN, USA",,"Synchronet"
Digital-X DHQ,Michel Van Emst,NEW,digitalx.ddns.net,7411,,,"Deventer, , The Netherlands",,"AmiExpress"
DigitalDial-Sta#1,,(Hit Enter),digitaldial.homeunix.com,2300,,http://digitaldial.us/fterm/digitaldial.html,"Miami, Fl, USA",,"Diversi-Dial"
Disksh0p! BBS,netsurge,,bbs.diskshop.ca,23,22,http://diskshop.ca,"Toronto, ON, Canada",,"Mystic"
Distant Empires BBS,,NEW,bbs.distantempires.com,8023,,,"Fremont, CA, USA",,"Synchronet"
Distortion,jack phlash,Apply,d1st.org,23,22,http://www.demonic.net,"Seattle, WA, USA",,"Mystic"
DJ's Place,,NEW,bbs.impakt.net,6502,,,"Plano, TX, USA",,"GBBS Pro"
Doc's Place Online,,Real Name,bbs.docsplace.org,26,,http://www.docsplace.org,"Clearwater, FL, USA",,"Wildcat"
Dock Sud,,NEW,bbs.docksud.com.ar,23,,http://bbs.docksud.com.ar,"Buenos Aires, , Argentina",,"Synchronet"
DogTears,,NEW,18.218.60.23,,,,"Columbus, OH, USA",,"Worldgroup"
Dogtown BBS,,Desired handle,bbs.kiwi.net,23,,http://bbs.kiwi.net,"Los Angeles, CA, USA",,"Mystic"
Doimuagio's BBS,,Desired Handle,duynt.net,,,,"Doi Hai, , Vietnam",,"Mystic"
Door Games Unlimited,,NEW,dgu.strangled.net,23,,,"Wesley Chapel,, FL, USA",,"Synchronet"
DoveOnly BBS,,NEW,casper.homeip.net,23,,,"Mooloolaba, QLD, Australia",,"Synchronet"
Downunder BBS,,NEW,202.90.240.159,,,,"Adelaide, SA, Australia",,"Worldgroup"
Dragon's Lair BBS,,NEW,dragon.vk3heg.net,23,,,"Ballarat, , Australia",,"Mystic"
Dragonstalon BBS,Lee Staley,Desired Handle,dtalon.ddns.net,8088,,,"Whiteville, TN, USA",,"Mystic"
DragonsWeb Labs BBS,,,bbs.dragonsweb.org,23,,http://bbs.dragonsweb.org,"New York, NY, USA",,"MBSE"
Dreamland BBS,dream master,any name,bbs.dreamlandbbs.org,23,22,http://www.dreamlandbbs.org,"North Hollywood, CA, USA",,"Mystic"
Dreath Mud,,new,retrowiki.synchronetbbs.org,,,,"Fremont, CA, USA",,"Coffee MUD"
Dungeon BBS,,NEW,dungeon.barnabasmusic.com,23,,,"Barton, ACT, Australia",,"Synchronet"
Dura-Europos,Skip,NEW,dura-bbs.net,6359,,,"Tacoma, WA, USA",,"GBBS Pro"
Dynamite BBS,,NEW,dynamite.bbsing.com,23,,,"Oshkosh, WI, USA",,"Synchronet"
Dyslexic Donkey,,NEW,dydo.erb.pw,1337,,,"East Molesey, , England",,"Enigma 1/2"
Eagle's Dare BBS,,NEW,bbsdoors.com,,,,"Charleston, SC, USA",,"WWIV"
Echo Base BBS (1),,Desired Handle,binkp.echo-base-bbs.com,23,,,"Perry, MI, USA",,"Mystic"
Echo Base BBS (2),,NEW,www.eifelaktiv.de,,,,"Berlin, , Germany",,"Synchronet"
Edge BBS,oRdYnE,,theedgebbs.dyndns.org,1541,,,"Barnlsey, , United Kingdom",,"AmiExpress"
Efectolinux,,NEW,bbs.efectolinux.com,23,,http://bbs.efectolinux.com,"San Antonio, TX, USA",,"Synchronet"
Eggy BBS,,,bbs.eggy.cc:,2300,,,"Montreal, QC, Canada",,"Mystic"
El Burro Diablo,Brad Brown,NEW,elburrodiablo.com,23,,,"Waterboro, ME, USA",,"Synchronet"
El Gato de Fuego,,NEW,elgato.synchronetbbs.org,,,,"Pedasi, , Panama",,"Synchronet"
Electronic Chicken BBS,,NEW,bbs.electronicchicken.com,23,,,"Toronto, ON, Canada",,"Synchronet"
Electronic Warfare BBS,Fat Rastus,NEW,bbs.ewbbs.net,23,,http://ewbbs.net,"Vincennes, IN, USA",,"Synchronet"
Elgringo BBS,,NEW,bbs.el-gringo.ca,,,,"Montreal, QC, Canada",,"Synchronet"
Eljaco BBS,,NEW,eljaco.se,,,,"Gothenburg, , Sweden",,"Custom"
Emcomm NY,kc2mha,,emcommny.synchro.net,23,22,http://emcommny.syncho.net,"Rexford, NY, USA",,"Synchronet"
Emerald Hill BBS,,NEW,bbs.emeraldhill.org,23,,,"Cleveland, OH, USA",,"Synchronet"
Emergency Scene,,NEW,bbs.emergencyscene.net,2475,,,"Belleville, MI, USA",,"Synchronet"
Empire of the Dragon BBS,,NEW,bbs.eotd.com,23,,,"Evergreen, CO, USA",303-679-0161,"Worldgroup"
EMS!BBS,scott labrecque,,ems-bbs.com,24,,http://ems-bbs.com,"Anaheim, CA, USA",,"Wildcat"
End Of The Line BBS,nelgin,NEW,endofthelinebbs.com,23,22,http://www.endofthelinebbs.com,"Plano, TX, USA",,"Synchronet"
EntConn BBS,,NEW,13.66.243.77,,,,"Redmon, WA, USA",,"Worldgroup"
Enterprise BBS,Sean Pratt,,enterprisebbs.ddns.net,1701,,,"Runnemede, NJ, USA",,"Color 64"
Entropy BBS (1),,NEW,40.67.137.81,,,,"Boydton, VA, USA",,"WWIV"
Entropy BBS (2),,NEW,121.99.249.4 ,,,,"Christchurch, , New Zealand",,"PCBoard"
EpicBBS,,NEW,24.15.35.4,,,,"Orland Park, IL, USA",,"Worldgroup"
EquestriNET,Jake H,,equestrinet.gloomyjdsystems.com,23,,http://www.gloomyjdsystems.com,"Nottingham, , England",,"Mystic"
ERICADE Network,StripeCAT,,the.ericade.net,23,,http://the.ericade.net,"Stockholm, , Sweden",,"Amiga"
Error 1202 BBS,Solaris,,error1202bbs.ddns.net,1202,,,"Perrysburg, OH, USA",,"Mystic"
Error 404 (TWGS),,Desired Handle,error404bbs.ddns.net,24,,,"Perrysburg, OH, USA",,"TWGS"
Error 404 BBS,Solaris,Desired Handle,error404bbs.ddns.net,404,,,"Perrysburg, OH, USA",,"Mystic"
Escape To Other Worlds,,NEW,etow.com,23,,http://www.etow.com/bbs.htm,"Sunnyvale, CA, USA",,"Synchronet"
Eternal Domain,Ken Taylor,Desired Handle,eternaldomain.net,23,,http://www.eternaldomain.net,"Bakersfield, CA, USA",,"Mystic"
Event Horizon TWGS,,Enter,pmacpherson.org,,,,"Toronto, ON, Canada",,"TWGS"
Evil Seeds Grow Naturally,,NEW,evilseedsgrownaturally.com,,,,"Atlanta, GA, USA",,"Synchronet"
Excaliber BBS,,NEW,excaliber.club,,,,"Chesterbrook, PA, USA",,"Worldgroup"
Extreme BBS,Bryan Fulkersin,NEW,extremebbs.bayvillewireless.com,23,,,"Midland, MI, USA",,"Worldgroup"
Eye of the Beholder,,Real Name,fido.beholderbbs.org,23,,http://fido.beholderbbs.org,"Badalona, , Spain",,"Maximus"
Faith Collapsing,Steven Saus,NEW,bbs.faithcollapsing.com,2323,,,"Dayton, OH, USA",,"WWIV"
Family BBS,,Desired Handle,familybbs.ddns.net,23,,,"Auckland, , New Zealand",,"Mystic"
Farm BBS,Sysop,,farmbbs.org,,,http://farmbbs.wordpress.com,"Nashville, TN, USA",,"Mystic"
Fatcats BBS,,NEW,fatcatsbbs.com,23,,http://fatcatsbbs.com,"London, , United Kingdom",,"Synchronet"
FengLin BBS,,new,fenglin.info,2323,,,"Hong Kong, , China",,"LBBS"
Fercho BBS,,,ferchobbs.ddns.net,2323,,,"Buenos Aires, , Argentina",,"EleBBS"
File Bank BBS,Terry Roati,Alias,tfb-bbs.org,23,,http://tfb-bbs.org,"Carins, QLD, Australia",,"Wildcat"
Final Zone BBS,Kurisu Yamato,,finalzone.ddns.net,,22,http://finalzone.ddns.net,"Memphis, TN, USA",,"Synchronet"
Fireball Express BBS,,NEW,wwiv.fireballex.com,23,,,"Dallas, TX, USA",,"WWIV"
Flee the Planet (1),,NEW,flee.fsxnet.nz,2323,,,"Sacramento, CA, USA",,"Synchronet"
Flee The Planet (2),,new,172.104.36.52,,,,"Singapore, , Singapore",,"Synchronet"
Fluffy Center,,NEW,fluffy.center,23,,,"Amsterdam, , The Netherlands",,"Synchronet"
FlupH BBS,,Desired Handle,fluph.zapto.org,23,,,"Bluecreek, WV, USA",,"Mystic"
Fluxcapasitor BBS,fluxcap,NEW,fluxcap.synchro.net,5023,,,"Portland, OR, USA",,"Synchronet"
Fluxpod Info Service,,Real Name,fix.no,24,,http://www.fix.no,"Oslo, , Norway",,"BBBS"
Flynn's Arcade BBS,,NEW,65.183.166.196,23,,,"Southfield, MI, USA",,"Mystic"
Fone Company,rick,New,tfcbbs.com,6400,,http://color64.com,"Winston-Salem, NC, USA",,"Supra 128 BBS"
Fool's Quarter BBS,Tim Whitson,,fqbbs.synchro.net,23,,http://bbs.foolsquarter.com,"West Linn, OR, USA",,"Synchronet"
Forze BBS,opicron,,bbs.opicron.eu,,22,,"Almere Stad, , Netherlands",,"Mystic"
Fourth Dimension,,NEW,fodi.bounceme.net,6400,,http://fodi.bounceme.net,"York, PA, USA",,"Millennium 64"
Freedom BBS,,NEW,freedom.servebbs.org,2323,,,"Greenwood, SC, USA",,"Synchronet"
Freeside BBS,ratz,New,freeside.bbs.io,23,,,"Cincinnati, OH, USA",,"Mystic"
FreeSpeak BBS,Gary Ailes,Desired Handle,thefreespeak.com,23,,http://www.bbsgametime.com,"Canonsburg, PA, USA",,"Mystic"
Freeway BBS,,,freeway.vkradio.com,23,,,"Bendigo, VIC, Australia",,"Synchronet"
Fried Pie BBS,,Desired Handle,friedpi.bbs.io,,,,"Oklahoma City, OK, USA",,"Mystic"
Frozen Floppy BBS,retrohack,,bbs.retrohack.se,6464,,,"Ahus, , Sweden",,"commodore"
Frugal Computing BBS,,NEW,frugalbbs.com,23,,,"Columbia, SC, USA",,"Synchronet"
Fudan,,,202.120.225.9,,,,"Shanghai, , China",,"Custom"
Fuji Amis,SouthernAmis,,amis86.ddns.net,9000,,,"Southern , CA, USA",,"Atari"
Funknown BBS,dinchak,NEW,fubbs.ddns.net,23,,http://fubbs.servebeer.com,"Chandler, AZ, USA",,"MajorBBS"
Funtopia BBS,,NEW,funtopia.ddnss.eu,2023,,,"Potsdam , , Germany",,"Magicka"
Furmen's Folly BBS,,NEW,furmenservices.net,23233,,,"Huntsville, AL, USA",,"Synchronet"
Fusion BBS,SHIFT838,,fusion.zapto.org,9900,,,"Deer Park, TX, USA",,"Mystic"
Future World II,K-Guide,New,fw2.cnetbbs.net,6800,,http://cnetbbs.net,"Fort Worth, TX, USA",,"CNet Pro"
Game Place BBS,,NEW,75.131.113.11,,,,"Clarksville, TN, USA",,"Synchronet"
Gamemaster`s Realm (TWGS ),,Enter,twars.oldewest.net,,,,"Dallas, TX, USA",,"TWGS"
Gamemaster's Realm,,NEW,gamemastersrealm.com,23,,,"Dallas, TX, USA",,"Synchronet"
Gamenet BBS Network,,NEW,gamenet.synchronetbbs.org,23,,,"Fremont, CA, USA",,"Synchronet"
Gate BBS (Synchronet),N4DLT,,thegateb.synchro.net,23,,,"Shelby, NC, USA",,"Synchronet"
Gate BBS (WWIV),N4DLT,,thegatebbs.sytes.net,2424,,,"Shelby, NC, USA",,"WWIV"
Gaulven/Cooper Heavy Industries TWGS,,Enter,gaulven.com,2002,,,"Fremont, CA, USA",,"TWGS"
GDOS BBS,,NEW,gdos.synchronetbbs.org,,,,"Fremont, CA, USA",,"Synchronet"
Generation III POT-D,,NEW,geniv.dyndns.org,23,,,"Portland, OR, ",,"PCBoard"
Genetic-PET,Codetsu,NEW,g-point.tunk.org,1025,,,"Tampere, , Finland",,"Image BBS"
Genetic-Point BBS,Codetsu,visitors GUEST pass: GUEST  Reg. just type name what you like to use,g-point.tunk.org,500,,http://g-point.tunk.org:2222,"Tampere, , Finland",,"MAX's PRO"
Ghetto BBS,linuxhavok,NEW,theghettobbs.com,2323,,http://theghettobbs.com,"Inverness, FL, USA",,"Virtual Advanced"
Gigashop Networks,,NEW,195.189.252.5,23,,,"Bern, , Switzerland",,"Worldgroup"
Gomers BBS,,NEW,gomers.synchronetbbs.org,,,,"Toronto, ON, Canada",,"Synchronet"
Goodwin BBS,,NEW,bbs.goodwin.synchronetbbs.org,23,,,"Fremont, CA, USA",,"Synchronet"
Grady's Liquor Store,Phil holly,,hcow.dynu.net,2323,,,"New Port Richey, FL, USA",,"WWIV"
GrayBeard City,,NEW,db4g.com,2323,,,"Mountain View, CA, USA",,"Synchronet"
Green Scene BBS,,Desired Handle,104.168.135.245,,,,"Seattle, WA, USA",,"Mystic"
Greywolf's Den,,NEW,greywolf.synchro.net,23,,,"Bigfork, MT, USA",,"Synchronet"
Gridlock BBS,,NEW,gridlock.synchronetbbs.org,,,,"Fremont, CA, USA",,"Synchronet"
Grimoire BBS,Junnaid Malik,NEW,grimoirebbs.sytes.net,23,,,"Sayreville, NJ, USA",,"Worldgroup"
Grupo Commodore Argentina,,Desired Handle,lu8fjh-c64.ddns.net,6400,,,"Rosario, , Argentina",,"Petscii BBS"
Guardian of Forever,,NEW,guardian.synchro.net,23,,,"Ferguson, MO, USA",,"Synchronet"
Haciend,,Apply,haciend.bbs.fi,23,,,"Haciend, , Finland",,"Mystic"
Haciend El Bananas,,Desired Handle,188.166.9.190 ,23,,,"Amsterdam, , The Netherlands",,"Mystic"
Hack Pensacola BBS,Hack Pensacola,NEW,bbs.hackpensacola.org,2223,,,"Atlanta, GA, USA",,"Mystic"
Halls of Valhalla BBS,Morgan Collins,NEW,hovalbbs.com,2333,2233,,"San Francisco, CA, USA",,"Synchronet"
Hanzo BBS,,guest,ktbbs.hanzou.jp,11123,,,"Osaka, , Japan",,"Custom"
Happyland BBS,,NEW,barbedhook.ddns.net,11892,,,"Brisbane, QLD, Australia",,"Talisman BBS"
Hard Drive Cafe,,,hdcbbs.com,23,,,"Montgomery, AL, USA",,"Synchronet"
Hated Reality,,NEW,hatedreality.homeunix.net,23,,,"Monroe, MI, USA",,"Worldgroup"
Haunted Castle BBS,,Desired Handle,72.220.14.197,23,,,"Chula Vista, CA, USA",,"Mystic"
Havens BBS,heliarc,,havens.synchro.net,23,2222,http://havens.synchronetbbs.org,"Queens, NY, USA",,"Synchronet"
Hawaii BBS Atari 8 Bit,Howard,NEW,atari-bbs.zapto.org,8888,,,"Hessen, , Germany",,"Oasis"
Haxor's Palace (1),,NEW,telnet.unknownrealm.org,23,,,"Pittsburgh, PA, USA",,"Synchronet"
Haxor's Palace (2),,NEW,unknownrealm.org,,,,"Pittsburgh, PA, USA",,"Synchronet"
HB1BBS Packet Radio BBS,,NEW,hb1bbs.net,,,,"Ouwerkerk, , The Netherlands",,"Mystic"
Heatwave,Mad Hatter,,heatwave.ddns.net,9640,,,"Montgomery, TX, USA",,"S&amp;T"
Heights BBS,John Pinto,NEW,heightsbbs.heightspc.net,6860,,http://goo.gl/C5HPbM,"Tucson, AZ, USA",800-258-4660 or 520-303-7894,"CNet Pro"
Herbies BBS,Herbies-BBS,,herbies-bbs.ddns.net,2323,,,"Weil am Rhein, Baden-Württemberg, Germany",,"ProBoard"
Herbies BBS II,Herbies-BBS,,herbies-bbs.ddns.net,23,,,"Weil am Rhein, , Germany",,"Mystic"
Hidden BBS,,new,the-hidden.hopto.org,64128,,,"Stuttgart, , Germany",,"C-Base"
Hidden Paradise,,Real Name,hpbbs.synchro.net,23,,,"Batavia, NY, USA",,"Wildcat"
Hidden Paradise II,,NEW,hpbbs.synchro.net,2323,,,"Batavia, NY, USA",,"Synchronet"
High Desert BBS,,Real Name,highdesertbbs.ddns.net,6400,,,"Lancaster, CA, USA",,"commodore"
High Society BBS,,NEW,hs.hostleasing.net,,,,"Boca Raton, FL, USA",,"Worldgroup"
HispaMSX BBS,,NEW,bbs.hispamsx.org,23,,http://www.hispamsx.org,"Almeria, , Spain",,"Synchronet"
Hive32 BBS,Gamecube Buddy,Desired Handle,bbs.hive32.com,23333,22222,,"Oklahoma City, OK, USA",,"Mystic"
Hobbit Empire,,new,bbs.hobbitempire.net,6501,,,"Hartford, CT, USA",,"CNet Pro"
Hobbit Station BBS,,NEW,wfido.ru,1234,,,"Kaluga, , Russia",,"Custom"
Hobby Line! BBS,Michael Dippel,Real Name,hobbylinebbs.com,,,http://hobbylinebbs.com,"Sun City Center, FL, USA",,"Wildcat"
Hooples BBS,Bigmelly,,bbs.hooplesbbs.net,8023,,http://hooplesbbs.net,"Saint Augustine , FL, USA",,"Worldgroup"
House Hasson Online,,,216.195.204.118,23,,,"Knoxville, TN, USA",,"Wildcat"
House of Baud,,NEW,192.241.232.148,8888,,,"San Francisco, CA, USA",,"Enigma 1/2"
Humongous BBS,,Desired Handle,jenandcal.familyds.org,2323,,,"Taipei, , Taiwan",,"Mystic"
Hundred Acre BBS,,Desired Handle,hundredacrebbs.ddns.net,2323,,,"Little Rock, AR, USA",,"Mystic"
Hypernode BBS,,Desired Handle,hypernode.ddns.net,,,,"Surrey, BC, Canada",,"Mystic"
Hysteria BBS,netsurge,,hysteriabbs.com,23,,http://hysteriabbs.com,"Toronto, ON, Canada",,"Zeus"
IB-BBS,,Real Name,bbs.ibbs.be,23,,,"Brussels, , Belgium",,"Custom"
IdeaJolt,Brian Carroll,NEW,bbs.ideajolt.com,,,,"Boydton, VA, USA",,"Synchronet"
Ignition BBS,,NEW,18.221.141.17,,,,"Columbus, OH, USA",,"Worldgroup"
Imageway BBS,,NEW,71.95.59.49,,,,"Riverside, CA, USA",,"CNet Pro"
Immortal's Domain,Steve Helferich,NEW,idomain.synchro.net,23,22,http://idomain.synchro.net,"Spanish Fork, UT, USA",,"Synchronet"
Imzadi Box,Anna Christina Naß,NEW,box.imzadi.de,,,,"Karlsruhe, , Germany",,"Synchronet"
Inara BBS,,New,bbs.inarabbs.com,23,,http://www.inarabbs.com,"Lansing, MI, USA",,"vDoc"
InfoNet BBS,,Desired Handle,infonet-bbs.rclabs.com.br,2323,,,"Brasilia, , Brazil",,"Mystic"
Information Exchange Network,,NEW,info-ex.net,513,,,"North Charleston, SC, USA",,"Synchronet"
Ink Two,Smooth,NEW,bbs.inktwo.com,23,,http://www.inktwo.com,"Covina, CA, USA",,"Mystic"
Inkarnation,,new,3.140.69.202,,,,"Columbus, OH, USA",,"Worldgroup"
Inland Utopia (Wildcat),,Real Name,iutopia.duckdns.org,2323,,,"Ontario, CA, USA",,"Wildcat"
Inland Utopia (WWIV),,NEW,iutopia.duckdns.org,2023,,,"Ontario, CA, USA",,"WWIV"
Inner Realm,,NEW,innerrealmbbs.us,23,22,http://www.innerrealmbbs.us,"Charlotte, NC, USA",,"Synchronet"
Insane Asylum BBS,,Desired Handle,75.86.93.4,,,,"Racine, WI, USA",,"Mystic"
Intergate BBS,,new,3.88.248.181,23,,,"Ashburn, VA, USA",,"Photon BBS"
Internal Affairs BBS,,NEW,www.internalaffairsbbs.com,,,,"North York, ON, Canada",,"Renegade"
Internal Dimension (1),,Desired Handle,bbs.idbbs.ca,59,,,"Chatham, ON, Canada",,"Mystic"
Internal Dimension (2),,new,bbs.idbbs.ca,1581,,,"Chatham, ON, Canada",,"AmiExpress"
Iowa Student Assc. BBS (ISCA),,new,bbs.iscabbs.com,23,,http://www.iscabbs.com,"Iowa City, IA, USA",,"DOC"
IPTIA BBS (Synchronet),,NEW,bbs2.ipingthereforeiam.com,2323,,,"Stafford, VA, USA",,"Synchronet"
ISIS Unveiled,,,isisunveiled.no-ip.org,23,,,"Austin, TX, USA",,"Mystic"
ITBnet BBS,,Desired Handle,bbs.itbnet.eu,2323,,,"Arezzo, , Italy",,"Mystic"
ITC (The Integrated Telecommunications Centre),Gary Hoffmann,,itcbbs.ddns.net,23000,,,"Windsor, ON, Canada",,"TBBS"
Jafhl 2 TWGS,,Enter,www.jafhl2.com,2002,,,"Belleville, IL, USA",,"TWGS"
Jamming Signal BBS,,,bbs.jammingsignal.com,,,http://bbs.jammingsignal.com,"Toronto, ON, Canada",,"EBBS"
Jay's Cafe,,NEW,bbs.jayscafe.net,23,,,"Houma, LA, USA",,"Synchronet"
Joe's Computer BBS,,Real Name,joesbbs.com,,,,"Edmonton, AB, Canada",,"Wildcat"
Juicy HQ,,new,bbs.44con.com,6502,,,"Nuremberg, , Germany",,"Enigma 1/2"
JumpStart BBS,,NEW,www.exciter.ws,23,,http://www.exciter.ws,"Wasilla, AK, USA",,"Synchronet"
Jumpstart BBS (TWGS),,Enter,exciter.ws,2002,,,"Wasilla, AK, USA",,"TWGS"
K5TMT BBS,,NEW,bbs.k5tmt.com,2023,,,"Georgetown, TX, USA",,"Synchronet"
Kangaroo Punch Studios,,NEW,bbs.kangaroopunch.com,,,,"Coulterville, IL, USA",,"Synchronet"
KD3net,KenDB3,NEW,bbs.kd3.us,23,22,http://bbs.kd3.us,"Pawtucket, RI, USA",,"Synchronet"
Keep BBS,,NEW,thekeep.net,23,,http://www.thekeep.net,"Beaverton, OR, USA",503-852-3170,"Worldgroup"
KF5QEO BBS,,NEW,kf5qeo.synchronetbbs.org,,,,"Bogue Chitto, MS, USA",,"Synchronet"
Kludge,jcs,new,klud.ge,,22,http://klud.ge,"Chicago, IL, USA",312-654-0090,"Custom"
KN6Q BBS,,NEW,bbs.kn6q.org,,,,"Azle, TX, USA",,"Synchronet"
KOFO BBS,,NEW,fido2.kofobbs.net,23,,,"Broendby, , Denmark",,"MBSE"
Kuehlbox,stimpy,,kuehlbox.wtf,23,,http://kuehlbox.wtf,"Frankfurt, , Germany",,"Mystic"
Kyrandia,,NEW,50.79.10.89,23,,,"Dundalk, MD, USA",,"Worldgroup"
Lab BBS,,NEW,bbs.dicksonlabs.net,2324,,,"Dickson, TN, USA",,"Mystic"
Lair Of The Wolverine,,Desired Handle,defshard.synology.me,23,,,"Ogden, UT, USA",,"Mystic"
Land of Mysticism,,NEW,lombbs.dyndns.org,,,,"Ephrata, PA, USA",,"Synchronet"
Land of the Barons BBS,Scott Kotrla,,bbs.kotrlas.com,23,,,"Wylie, TX, USA",,"Mystic"
Lanisport TWGS,,Enter,168.61.153.86,,,,"Des Moines, IA, USA",,"TWGS"
Le Wyrd,,NEW,lutin.projetpetitpeuple.org,2323,,,"Paris, , France",,"Synchronet"
Lean Angle BBS,,Real Name,winserver.org,,,,"Southhaven, MS, USA",,"Wildcat"
Lean Angle BBS,,Desired Handle,winserver.org,23,,,"Southhaven, MS, USA",,"Mystic"
Legacy/X WHQ,,Real Name,legacyx-bbs.com,23,,,"Richmond, VA, USA",,"Legacy/X"
Legends of Yesteryear,Dallas Vinson,new,furmenservices.net,23322,,,"Huntsville, AL, USA",,"Mystic"
Leisure Time BBS,Robert R,,bbs.riddells.net,10023,,,"New Baden, IL, USA",,"Mystic"
Leisure Time BBS II,Robert R,,bbs.riddells.net,10024,,http://bbs.riddells.net/bbs,"New Baden, IL, USA",,"Spitfire"
Level 29,Nathnial Hendler,,bbs.fozztexx.com,23,,http://www.fozztexx.com,"Fair oaks, CA, USA",916-965-1701,"Synchronet"
Liane BBS,,guest/guest,bbs.vslib.cz,23,,http://bbs.vslib.cz,"Liberec, , Czech Republic",,"Other"
Line Noise BBS,,Desired Handle,18.234.203.16,,,,"Ashburn, VA, USA",,"Mystic"
Link's BBS,,Desired Handle,40.133.44.248,,,,"Dallas, TX, USA",,"Mystic"
Linucus BBS,,NEW,alterant.leenooks.net,60177,,,"Parkdale, VIC, Australia",,"Ezycom"
Lions Den,,NEW,lionsden.synchronetbbs.org,23,,,"Fremont, CA, USA",,"Synchronet"
Liquid Digital,,NEW,73.168.194.32,,,,"Rockford, IL, USA",,"Worldgroup"
Local Yocal BBS,,NEW,www.localyocalbbs.com,23,,,"Clearwater, FL, USA",,"Synchronet"
Lofi BBS,,NEW,lofi.ooo,,,,"Toronto, ON, Canada",,"Enigma 1/2"
Lord.stabs.org,,newuser,lord.stabs.org,23,,http://lord.stabs.org,"Vancouver, BC, Canada",,"Custom"
Lost Caverns BBS,CommodoreMo,NEW,tlcbbs.dynu.net,6400,,,"Macomb Township, MI, USA",,"Centipede BBS"
Lost Chord BBS,Raymond Sirois,NEW,tlcbbs.synchro.net,,22,,"Cheyenne, WY, USA",,"Synchronet"
Lost Gonzo BBS,,NEW,lostgonzo.synchronetbbs.org,23,,,"Mankato, MN, USA",,"Synchronet"
LostCause Halfway House BBS,,NEW,bbs.lostcause.house,,,,"Alden, NY, USA",,"Synchronet"
Lostways BBS,bloodrock,NEW,99.73.141.110,23,,http://lostwaysbbs.mooo.com,"Brookfield, WI, USA",,"Worldgroup"
Love of Net Endless,,NEW,bbsuestc.com,,,,"Dallas, TX, USA",,"Custom"
Lower Planes,AuntyEntity,,tlp.zapto.org,23,22,http://tlp.zapto.org,"Melbourne, VIC, Australia",,"SuperBBS"
LU8FJH BBS,,Desired Handle,lu8fjh.dyndns.org,,,,"Cordoba, , Argentina",,"Mystic"
LU8FJH BBS (Image),,NEW,lu8fjh-c64.ddns.net,6401,,,"Cordoba, , Argentina",,"Image BBS"
Lunatics Unleashed BBS,,Desired Handle,lunaticsunleashed.ddns.net,2333,,,"Buffalo, NY, USA",,"Mystic"
M. Station,Black Beard,,mstation.servebbs.com,,,http://www.amiexpress.co.uk,"Miami, FL, USA",,"AmiExpress"
MadWorld BBS,steven huffman,,madworld.bounceme.net,6400,,,"Kansas City, MO, USA",,"Centipede BBS"
Magic-1 Homebrew Computer,PCONST167,guest / magic,magic-1.org,51515,,http://www.homebrewcpu.com,"Oregon City, OR, USA",,"Custom"
Magnum BBS,Keyop Troy,NEW,bbs.magnum.uk.net,,22,,"Huddersfield, West Yorkshire, England",+44-1484-320007 (Huddersfield UK) / +44-207-096-2030 (London Central UK) / +1-415-839-5099 (San Francisco Central DA USA),"Synchronet"
Mainline Information Service,,NEW,184.68.198.154,,,,"Calgary, AB, Canada",,"Worldgroup"
MajorBBS V10 Alpha Site,,NEW,alpha.themajorbbs.com,,,,"Hicksville, NY, USA",,"MajorBBS"
Malkonix's Place BBS,Milton Lizardo,NEW,servsyte.duckdns.org,6023,6022,,"Santo Domingo Norte, , Dominican Republic",,"Synchronet"
Mamba BBS,,Desired Handle,mambabbs.hopto.org,2020,,,"Warsaw, , Poland",,"Mystic"
Maniac Zone,,NEW,tmz.synchronetbbs.org,,,,"Fremont, CA, USA",,"Synchronet"
Manic Modem BBS,johnec,Real Name,telnet.manic-modem.com,23,,http://www.manic-modem.com,"Union, KY, USA",,"Wildcat"
Mark Van Daele's TWGS,,Enter,game.tw2002.net,,,,"Aurora, IL, USA",,"TWGS"
Master Boot Record,,Desired Handle,80.211.167.123,23,,,"Arezzo, , Italy",,"Mystic"
Matts BBS,Matthew Lezcano,NEW,cloud.matthewlezcano.com,,,,"Mesa, AZ, USA",,"Synchronet"
Max's Hideout BBS,,NEW,bbs.maxshideout.com,,,,"Richardson, TX, USA",,"Synchronet"
MBSE BBS Support Holland,,new,71.235.184.79,,,,"New London, CT, USA",,"MBSE"
MegaBBS,,NEW,mbbs1.ddns.net,23,,,"Bronx, NY, USA",,"Worldgroup"
MemphisTW (Synchronet),,,bbs.memphistw.org,23,,,"Memphis, TN, USA",,"Synchronet"
MemphisTW (TWGS),,new,bbs.memphistw.org,2002,,,"Memphis, TN, USA",,"TWGS"
Metal Zone BBS,,NEW,tmzbbs01.synchro.net,,,,"Weslaco, TX, USA",,"Synchronet"
Metallic Dreams,cybergod,NEW,bbs.metallic-dreams.com,23,,http://www.metallic-dreams.com,"Kings Park, NY, USA",,"Synchronet"
Metro Olografix,,,bbs.olografix.org,,,,"Pescara, , Italy",,"Wildcat"
Midnight Cafe BBS,,NEW,themidnightcafe.ddns.net,,,,"Moncure, NC, USA",,"Synchronet"
Mike's Mansion,fluxcap,Guest,fluxcap.synchro.net,2323,1222,http://fluxcap.synchro.net:1580,"Portland, OR, USA",,"Mystic"
Mimac Rebirth,,Desired Handle,mimac.bizzi.org,2323,,,"Rome, , Italy",,"Mystic"
Mind's Eye BBS,,NEW,mindseye.synchronetbbs.org,,,,"Sydney, NSW, Australia",,"Synchronet"
Ministry of Silly MUDS,Frank Eichinger,NEW,ministrybbs.com,23,,,"Saginaw, MI, USA",,"Worldgroup"
Missing Links,Dalamar,,bbs.mlinks.com,23,,http://www.mlinks.com,"Las Vegas, NV, USA",,"Wildcat"
Mister Scene,,NEW,45.14.149.167,8888,,,"Oradea, , Romania",,"Enigma 1/2"
MITS Altair 8800 RCP/M,Patrick Linstruth,,rcpm.mitsaltair.com,8800,,,"Spring Creek, NV, USA",,"CP/M"
MMN,Kévin,,dial.bbs.ec,23,,http://bbs.ec,"Paris, , France",416-548-4117 or +33 (0)1.75.85.02.97,"Wildcat"
MNFrost BBS,,NEW,bbs.mnfrost.com,23,,http://mnfrost.com,"Chanhassen, MN, USA",,"MajorBBS"
Moe's Tavern,Mike Powell,,moetiki.ddns.net,27,,,"Frankfort, KY, USA",502-875-8938,"GT-2000"
Mojo's World BBS,,NEW,mojo.synchro.net,,,,"Lansing, MI, USA",,"Synchronet"
Momia BBS (EleBBS),Momia,Real Name,momiabbs.no-ip.info,2323,,http://www.momiabbs.com.ar,"Buenos Aires, , Argentina",,"EleBBS"
Momia BBS (TWGS),,Desired Handle,momiabbs.no-ip.info,2002,,,"Buenos Aires, , Argentina",,"TWGS"
Monochrome,,mono/guest,mono.org,23,,http://www.mono.org,"London, , UK",,"Monochrome"
Monterey BBS,,Desired Handle,montereybbs.com,23,,,"Santa Clara, CA, USA",,"Mystic"
Moon Base Alpha,Lee Wilson,NEW,mba.dnsalias.com,23,,,"King County, WA, USA",,"Virtual Advanced"
Mountain Valley Radio,,NEW,mvradio.synchro.net,2023,,,"Chilliwack, BC, Canada",,"Synchronet"
Mozy's Swamp and Red Dwarf BBS,Nozy,,bbs.mozysswamp.org,23,,http://bbsweb.mozysswamp.org,"Melbourne , VIC, Australia",,"Synchronet"
Mozy's Swamp and Red Dwarf TWGS,,Desired Handle,bbs.mozysswamp.org,24,,,"Melbourne, VIC, Australia",,"TWGS"
Mr. Fresno,,NEW,13.57.3.42,,,,"San Jose, CA, USA",,"Worldgroup"
MrRobot's BBS,,Desired Handle,162.225.154.31,,,,"St. Louis, MO, USA",,"Mystic"
MtlGeek,Ennev,NEW,mtlgeek.synchro.net,23,,http://mtlgeek.com,"Montreal, QC, Canada",,"Synchronet"
MtlGeek (TWGS),,Enter,mtlgeek.synchro.net,2002,,,"Montreal, QC, Canada",,"TWGS"
Mudders Paradise,,NEW,muddersparadise.com,23,,,"Ashburn, VA, USA",,"Worldgroup"
MudForums BBS,,NEW,66.235.6.47,,,,"Redmond, WA, USA",,"Worldgroup"
Music Station,Alexey Fayans,Real Name,bbs.bsrealm.net,23,,http://bbs.bsrealm.net,"Saint-Petersburg, Saint-Petersburg, Russia",,"Tornado"
Mutiny BBS,Divarin,,mutinybbs.com,2332,2232,http://mutinybbs.com,"Cleveland, OH, USA",,"Synchronet"
Mysteria Majicka,,NEW,majicka.at2k.org,23,,,"West Barnstable, MA, USA",,"Virtual Advanced"
Mystic BBS Alpha Test System,,Desired Handle,73.114.186.225,2323,,,"Nashua, NH, USA",,"Mystic"
Mystic Dog BBS,,NEW,bbs.mystic.dog,,,,"Chicago, IL, USA",,"Synchronet"
Mystic Dreams,mark i,,mysticdreams.dyndns.org,24,,,"Warminster, PA, USA",,"Mystic"
Mystic Mountain BBS,richorr,,pyroto.mysticmountain.us,8086,,,"Kirkland, WA, USA",,"Pyroto Mountain BBS"
Mystic Night BBS,,new,68.56.181.134,23,,,"Ada, MI, USA",,"Worldgroup"
Mystic PI BBS,,Real Name,bcw142.zapto.org,23,,,"Nashua, NH, USA",,"Mystic"
Mystic Rhythms BBS,Rushfan,NEW,mystic.wwivbbs.org,23,,,"Mountain View, CA, USA",,"WWIV"
Mythical Kingdom Tech BBS,,NEW,bbs.mythicalkingdom.com,5023,,,"Dayton, OH, USA",,"Synchronet"
N3HYM Amateur Radio BBS,3928333,,n3hym.ddns.net,8010,,http://n3hym.com,"FREDERICK, MD, USA",,"Custom, G8bpq"
NCUE Bio Dept,,guest,bbs.bio.ncue.edu.tw,,,,"Taipei, , Taiwan",,"Custom"
Necronomicon BBS (CNet),Necromaster,,necrobbs.ddns.net,40,necrobbs.strangled.net,http://www.necrobbs.net,"New Bedford, MA, USA",,"CNet"
Necronomicon BBS (Mystic),Necromaster,,necrobbs.ddns.net,23,necrobbs.strangled.net,http://www.necrobbs.net,"New Bedford, MA, USA",,"Mystic"
Necropolis BBS,Jonathan Tolentino,NEW,necrobbs.com,23,22,http://www.necrobbs.com,"Ashburn, VA, USA",,"Synchronet"
Neo-Vintage BBS,,Desired Handle,bbs.delorted.com,,,,"Grand Junction, CO, USA",,"Mystic"
NeoCincinnati BBS,NodokaHanamura,,neocinci.bbs.io,2323,,http://neocinci.bbs.io,"Erlanger, KY, United States",,"Mystic"
Nerv.tech,,NEW,nerv.tech,,,,"Minsk, , Belarus",,"Synchronet"
Net 298,,NEW,net298.net,,,,"Prince George, BC, Canada",,"Synchronet"
Net 340,,NEW,time.synchro.net,2323,,,"La Center, WA, USA",,"Synchronet"
Netvillage,,NEW,netvillage.com,23,,,"Laurel, MD, USA",,"Worldgroup"
Netvillage Sysop Community,,NEW,community.netvillage.com,23,,,"Falls Church, VA, USA",,"Worldgroup"
Network 23,,NEW,network23.ch,23,,,"Volketswil, , Switzerland",,"Synchronet"
Never Never Land BBS,Rainman,Desired Handle,neverneverlandbbs.com,23,,,"Toledo, OH, USA",,"Mystic"
New Frontier 2 BBS,KrUpTiOn,new,frontierbbs.net,23,222,http://frontierbbs.net,"Akron, OH, USA",,"Synchronet"
Newton City BBS,,NEW,bbs.newtoncity.org,,,,"Fremont, CA, USA",,"Synchronet"
Night Watcher BBS,,NEW,bbs.night-watcher.com,23,,,"Lexington, KY, USA",,"Worldgroup"
Nightfall Ordain BBS,cr1mson,NEW,vintagebbsing.com,2323,,,"Scottsdale, AZ, USA",,"BBBS"
Nikom BBS,,,bbs.nikom.org,2323,,,"Santa Clara, CA, USA",,"Custom"
Nimbus BBS,,NEW,nimbus.synchronetbbs.org,23,,,"Fremont, CA, USA",,"Synchronet"
Ninho do Abutre 2 BBS,Mauro Veiga,,abutre.no-ip.org,2323,,http://abutre.no-ip.org:8080,"Rio de Janeiro, , Brazil",,"Synchronet"
Nite Eyes BBS,,NEW,34.222.151.56,23,,,"Portland, OR, USA",,"Synchronet"
Nitemare Cafe,Rod Barnhart,NEW,bbs.nitemarecafe.com,2002,,,"Cardington, OH, USA",,"WWIV"
Nitewolf's BBS,,NEW,174.74.41.18,,,,"Omaha, NE, USA",,"Mystic"
No Agenda BBS,,NEW,noagendabbs.com,513,,,"Fremont, CA, USA",,"Synchronet"
No BS BBS,,Desired Handle,24.96.16.14,,,,"Clearwater, FL, USA",,"Mystic"
No Carrier BBS,,NEW,bbs.wehack.net,,,,"Chatsworth, CA, USA",,"MajorBBS"
NOC BBS,,NEW,99.250.251.115,,,,"Kitchener, ON, Canada",,"Renegade"
Nogalious-Mud,,NEW,3.17.143.151,23,,,"Columbus, OH, USA",,"Synchronet"
Nola Carrier,nolageek,Real Name,nolacarrier.com,504,,http://www.nolacarrier.com,"Washington, DC, USA",,"Mystic"
Northern Palace,ZiNKO,NEW,thenorthernpalace.com,2020,,,", , ",,"AmiExpress"
Nostromo,,NEW,nostromo.synchro.net,,,,"Dunstable, , England",,"Synchronet"
Nuclear Club BBS,,NEW,nuke.club,513,,,"Fremont, CA, USA",,"Synchronet"
Nut House BBS,linuxhavok,NEW,nuthousebbs.com,2332,,,"Inverness, FL, USA",,"Synchronet"
NXi Museum BBS,,Desired Handle,128.0.135.116,23,,,"Moscow, , Russia",,"Mystic"
Oasis BBS,Desert-Fox,,oasisbbs.hopto.org,6400,,,"Chesapeake, VA, USA",,"Color 64"
Off the Wall BBS,,NEW,offthewall.dmxrob.net,,,,"St. Peters, MO, USA",,"WWIV"
Old Highland Borg,,NEW,ohb.synchronetbbs.org,,,,"Richardson, TX, USA",,"Synchronet"
Old Mill BBS,,Desired Handle,theoldmillbbs.net,23,,,"Stoke-on-Trent, , United Kingdom",,"Mystic"
Old Time's Sake BBS,konc,Real Name,konchoulias.no-ip.org,2323,,http://otsbbs.eu,"Athens, , Greece",,"RemoteAccess"
Oldschool FL BBS (Synchronet),Shawn Shultz,,oldschoo.synchro.net,,,http://oldschoo.synchro.net,"Stuart, Fl, USA",772-418-8000,"Synchronet"
Oldschool FL BBS (TWGS),Shawn Shultz,Enter,oldschoo.synchro.net,2002,,,"Stuart, FL, USA",,"TWGS"
Oleg Lukashin's BBS,,Desired Handle,85.143.220.97,,,,"St. Petersburg, , Russia",,"Mystic"
Onix BBS,,NEW,onixbbs.servebbs.com,23,,http://onix.com/telnet.htm,"Philadelphia, PA, USA",,"MajorBBS"
Online Access,,Real Name,online-access.net,23,,,"Pompano Beach, FL, USA",,"Wildcat"
Online BBS,Pentangle,Guest or Gast,online-bbs.selfhost.bz,23,,http://online-bbs.selfhost.bz/index.html,"Hamburg, , Germany",,"Wildcat"
Operation Insanity,,Real Name,opinsane.noip.me,23,,,"Colorado Springs, CO, USA",,"Maximus"
Optical Illusion BBS,,NEW,optical.c64bbs.nu,64128,,,"Puyallup, WA, USA",,"C-Base"
OPTO 22 BBS,,Real Name,bbs.opto22.com,,,,"Temecula, CA, USA",,"Wildcat"
Orbit BBS,Orbitman,,orbitbbs.ddns.net,7210,,http://orbitbbs.ddns.net,"Opp, AL, USA",,"Mystic"
Order of the Lotus,,NEW,104.230.201.11,,,,"Columbus, OH, USA",,"Worldgroup"
Other Realm BBS,LStockman,,theotherrealmbbs.com,,22,http://southerncharmbbs.com,"Plano, TX, USA",,"Mystic"
OuijaBoard BBS,,Desired Handle,bbs.ouijabrd.net,,,,"Anoka, MN, USA",,"BBBS"
Outer Limits BBS,The Phantom Lord,NEW,outerlimitsbbs.zapto.org,8000,,,"Madison, AL, USA",,"Mystic"
Outpost BBS,digimaus,first/last name,bbs.outpostbbs.net,10123,,http://outpostbbs.net,"Limestone, TN, USA",,"Maximus"
Outta Control MajorBBS,,NEW,104.136.26.252,23,,,"Orlando, FL, USA",,"MajorBBS"
Outwest BBS,Denn Gray,,outwestbbs.com,23,,http://outwetbbs.com,"Clearfield, UT, USA",,"Synchronet"
Palace Network BBS,,NEW,mmn.thepalace.network,22323,,,"Paris, , France",,"Synchronet"
Paladium BBS,Ranger,Real Name,paladium.servebbs.com,20,,http://paladium.servebbs.com:89,"Merrill, WI, USA",,"Wildcat"
Palantir BBS,Gamgee,NEW,palantirbbs.ddns.net,23,,,"Pensacola, FL, USA",,"Synchronet"
Panopticon BBS,Alex S,APPLY,bbs.panoptic.onl,8888,7778,http://bbs.panoptic.onl,"Calgary, AB, Canada",,"Enigma 1/2"
Paradox BBS,,NEW,paradox.farted.net,23,,,"Columbus, OH, USA",,"Worldgroup"
Parity Error BBS,,Desired Handle,theparityerror.com,23,,,"Kelowna, BC, Canada",,"Mystic"
Part-Time BBS,John Polka,new,ptbbs.ddns.net,8000,,http://ptbbs.ddns.net:7000/pt.html,"Portland, OR, USA",,"BBS Express Pro"
Particles! BBS,icbrkr,New,particlesbbs.dyndns.org,6400,,http://www.particles.org,"Bentonville, AR, USA",479-553-8122,"Centipede 128 BBS"
Pasquale Monti's BBS,,Desired Handle,80.211.53.177,2323,,,"Arezzo, , Italy",,"Mystic"
Path Unknown BBS,,NEW,pathunknown.net,,,,"Clifton, NJ, USA",,"Synchronet"
Patriot BBS,,NEW,159.203.108.35,,,,"Clifton, NJ, USA",,"Synchronet"
Penalty Box BBS,BlaZZZe,NEW,pbox.no-ip.org,23,,http://pbox.no-ip.org,"Peoria, IL, USA",,"Worldgroup"
Pepzi BBS,,NEW,pepzi.eu,513,,,"Gothenburg, , Sweden",,"Synchronet"
Performance Leasing Systems,,Real Name,97.76.12.194,23,,,"Ellenton, FL, USA",,"Wildcat"
Phantasm,Phantasm,,phantasm.bbs.io,4489,22,,"UK, UK, UK",,"AmiExpress"
Pharcyde,,NEW,bbs.pharcyde.org,23,,,"Pewaukee, WI, USA",,"Synchronet"
Pharos BBS,,guest,bbs.pharos.rocks,,,,"Tokyo, , Japan",,"HBBS"
Phaseshift BBS,,NEW,174.1.35.227,2323,,,"Coquitlam, BC, Canada",,"Worldgroup"
Phoenix BBS,AJLeary,bbs,phoenix.bnbbbs.net,2323,22,http://phoenix.bnbbbs.net,"Pawcatuck, CT, USA",,"MBSE"
Phone In My Pocket BBS,,Desired Handle,pimpbbs.erb.pw,18023,,,"London, , England",,"Mystic"
Phospher BBS,,NEW,bbs.phospher.com,,,,"Fremont, CA, USA",,"MajorBBS"
PhreakNet,InterLinked,com,bbs.interlinked.us,23,22,http://bbs.interlinked.us,", , United States",406-957-1741/346-385-5656,"Custom"
Physics BBS,Jesse Cussins,,bulletinboard.systems,,,http://bulletinboard.systems,"Montreal, QC, Canada (VPS)",,"Renegade"
Pie33,Moises,,pie33.com,2223,,,"Quezon City, , Philippines",,"Mystic"
Pirate Cove,Drew Kirkpatrick,NEW,bbs.hoodoer.com,8888,,,"Clifton, NJ, USA",,"Enigma 1/2"
Pirate's Cove,,NEW,picovebbs.com,6860,,,"Tucson, AZ, USA",,"CNet Pro"
Piss, Shit & Cum BBS,Danal,NEW,getoffmy.site,69,,,"Batavia, NY, USA",,"Synchronet"
Pixelheresy Industries,,NEW,phiax.synchronetbbs.org,3333,,,"Fremont, CA, USA",,"Synchronet"
Planet Afr0,,NEW,planetafr0.org,8888,,,"Pinellas Park, FL, USA",,"Enigma 1/2"
Planet Tradewars TWGS,,Enter,gameserver.planettradewars.com,,,,"Encinitas, CA, USA",,"TWGS"
Plasma Sphere BBS,,NEW,84.92.196.99,,,,"Manchester, , England",,"ArmBBS"
Poison BBS,,NEW,45.79.54.25,23,,,"Dallas, TX, USA",,"Synchronet"
Possum Lodge South BBS,,,capitolcityonline.net,7636,,,"Frankfort, KY, USA",,"Magicka"
Pot O'Gold BBS,Andy Gorman,NEW,pog.jackrabbittek.com,4888,,,"Scottsdale, AZ, USA",,"Telegard"
PowerBBS Official Support BBS,Russell Frey,,bbs.powerbbs.com,,,http://powerbbs.com,"Fairfax, VA, USA",,"PowerBBS"
Prism BBS,,Real Name,filegate.net,2030,,http://www.filegate.net:8080/bbbs,"Windsor, NY, USA",,"BBBS"
Prison Board,Ruben Figueroa,NEW,rdfig.net,2323,,http://www.rdfig.net,"Mesquite, TX, USA",,"Mystic"
Prison Board (BBBS),,NEW,wcalt.rdfig.net,2121,,,"Mesquite, TX, USA",,"BBBS"
Prison Board (Game Lounge),Ruben Figueroa,NEW,gapbbs.rdfig.net,2323,,,"Mesquite, TX, USA",,"GameSrv"
Prison Board (Mystic),Ruben Figueroa,New,pbmystic.rdfig.net,24,,http://pbmystic.rdfig.net:8080/bbs.html,"Mesquite, TX, US",,"Mystic"
Prison Board (PCBoard),Ruben Figueroa,,pbmystic.rdfig.net,1023,,,"Mesquite, TX, USA",,"PCBoard"
Prison Board (ProBoard),Ruben Figueroa,NEW,gapbbs.rdfig.net,2828,,,"Mesquite, TX, USA",,"ProBoard"
Prison Board (Renegade),Ruben Figueroa,NEW,gapbbs.rdfig.net,2424,,http://www.rdfig.net/public/telnet.htm,"Mesquite, TX, USA",,"Renegade"
Prison Board (Synchronet),Ruben Figueroa,NEW,pbmystic.rdfig.net,2424,,,"Mesquite, TX, USA",,"Synchronet"
Prison Board (Telegard),Ruben Figueroa,New,wcalt.rdfig.net,,,http://pbmystic.rdfig.net,"Mesquite, TX, USA",,"Telegard"
Prison Board (VADV),Ruben Figueroa,Apply for New,rdfig.net,2812,,http://rdfig.net/public/vadv/index.php,"Mesquite, TX, USA",,"Virtual Advanced"
Prison Board (Wildcat),Ruben Figueroa,,wcalt.rdfig.net,2324,,http://www.rdfig.net/login?mode=HTML./,"Mesquite, TX, USA",,"Wildcat"
Prison Board (WWIV),Ruben Figueroa,NEW,pbmystic.rdfig.net,2323,,,"Mesquite, TX, USA",,"WWIV"
Pro-Kegs,ksherlock,,proline.ksherlock.com,6523,,,"St Cloud, , USA",,"ProLine"
ProStar Plus,ROBERT MICHNICK,,prostaria.com,,,http://prostarforever.com ,"Princeton, TX, USA",,"MajorBBS"
ProStar Plus (Door Server),,NEW,prostar.synchronetbbs.org,,,,"Fremont, CA, USA",,"Synchronet"
Psnords BBS,,Desired Handle,40.88.127.94,,,,"Washington, VA, USA",,"Mystic"
PTT Bulletin Board System (1),,new,ptt.cc,23,,,"Taipei, , Taiwan",,"Current PTT"
PTT Bulletin Board System (2),,new,ptt2.cc,23,,,"Taipei, , Taiwan",,"Current PTT"
Pub BBS,,Desired Handle,thepubbbs.com,,,,"Munich, , Germany",,"Mystic"
PUFA BBS,Andrei Rachita,NEW,pufa.pbnet.ro,23,,,"Chiajna, Ilfov, Romania",,"Mystic"
Pweck's Retreat BBS,Dean Lodge,Desired Handle,pwecksretreat.com,,,,"Omaha, NE, USA",,"Mystic"
QEMUOS2,,NEW,172.86.179.14,,,,"Hong Kong, , China",,"Synchronet"
QL Dump,,NEW,001english-eu.no-ip.biz,,,,"Fenstanton, , England",,"Synchronet"
QRP.gr BBS,KOS,,qrp.gr,2323,,http://qrp.gr,"Patra, , Greece",,"Mystic"
Quantum Rift,Paul Lavelle,NEW,bbs.virtualoak.net,,,,"Colorado Springs, CO, USA",,"Synchronet"
Quest TWGS,,Enter,96.36.38.34,,,,"Holland, MI, USA",,"TWGS"
Radio Freaks and Geeks,,Desired Handle,98.11.250.163,2323,,,"Troy, NY, USA",,"Mystic"
Radio Mentor BBS,,NEW,bbs.radiomentor.org,,,,"Milwaukee, WI, USA",,"Synchronet"
Raiders Inc. BBS,cr1mson,Desired Handle,vintagebbsing.com,1337,,http://vintagebbsing.com:81,"Wichita, KS, USA",,"Mystic"
Ranty's BBS,,Desired Handle,73.245.246.168,,,,"Port Saint Lucie, FL, USA",,"Mystic"
Rat's Nest BBS,,Desired Handle,ratsnest.sytes.net,,,,"Troy, NY, USA",,"Mystic"
Rats Den BBS,,NEW,bbs.catracing.org,6400,,,"Seoul, , South Korea",,"CNet Pro"
Ravens Kraft BBS,,NEW,67.240.32.39,3000,,,"Troy, NY, USA",,"Synchronet"
Raveolution,,NEW,raveolution.hopto.org,64128,,,"Wuppertal, , Germany",,"C-Base"
Razecus BBS,,NEW,razecus.go.ro,2323,,,"Bucharest, , Romania",,"Synchronet"
Razz Pie BBS,Denn Gray,New,razzpie.ddns.net,2300,,,"Clearfield, UT, USA",,"Mystic"
RBB Systems Int'l,koivula,Real Name,rbb.bbs.fi,32,,http://rbb.bbs.fi,"Lake Ylo, , Finland",,"Concord"
Realitycheck BBS,,NEW,realitycheckbbs.org,23,,http://realitycheckbbs.org,"San Francisco, CA, USA",,"Synchronet"
Realm of Darkness,,Real Name,bbs.trod.org,23,,http://www.trod.org,"Phoenix, AZ, USA",623-907-2858,"MBSE"
Realm of Dispair,,NEW,ephram.synchro.net,2323,,,"Lake Echo, NS, Canada",,"Synchronet"
Realm of Serion,Royal Hurd,NEW,connect.serionbbs.com,23,,http://serionbbs.com,"Cloquet, MN, USA",,"Synchronet"
Realm of the Wizard's Lair,,NEW,bbs.b-wells.us,,,,"Houston, TX, USA",,"Synchronet"
Realms Online,,Real Name,192.138.210.128,23,,,"Secaucus, NJ, USA",,"Wildcat"
Reconquista BBS,,NEW,rq.araknet.xyz,8888,,,"Rosemead, CA, USA",,"Enigma 1/2"
Red Dragon BBS,,NEW,173.49.202.189,,,,"Philadelphia, PA, ISA",,"Synchronet"
Red Mud BBS,,Desired Handle,68.12.84.161,,,,"Oklahoma City, OK, USA",,"Mystic"
Reflections BBS,Troy Thompson,NEW,reflections.hopto.org,64128,,,"Littleton, CO, USA",,"C-Base"
Region 15 HQ,,,region15.net,23,,,"Abilene, TX, USA",,"Mystic"
Reign of Fire BBS,Gary,New,rof.cnetbbs.net,2300,,,"Milwaukee, WI, USA",414-304-5588,"CNet Pro"
Reign of Fire II,Gary,New,rof.cnet64.com,6400,,,"Milwaukee, WI, USA",,"C-Net"
Reign of Fire III,Gary,,rof.cnet128.com,6502,,,"Milwaukee, WI, USA",,"CNet, CNet Pro"
Reisub BBS,,Desired Handle,reisub.nsupdate.info,7020,,,"Buenos Aires, , Argentina",,"Mystic"
Remote CPU BBS,Marc Honey,NEW,remotecpu.com,6502,,,"Negaunee, MI, USA",,"Image BBS"
Retro Archive,,NEW,bbs.retroarchive.org,,,,"Graham, WA, USA",,"Synchronet"
Retro BBS (1),,NEW,retrobbs.rocksolidbbs.com,23,,,"New York, NY, USA",,"Synchronet"
Retro BBS (2),,NEW,bbs.szczepan.com,,,,"Warsaw, , Poland",,"Mystic"
Retro BBS Games,,Desired Handle,retrobbsgames.com,23,,,"Lompoc, CA, USA",,"Mystic"
Retro Dreams BBS,,NEW,retrodreams.net,,,,"High Point, NC, USA",,"Synchronet"
Retro Unboxers,,Desired Handle,flashbackbbs.sytes.net,6502,,,"Sparti, , Greece",,"Mystic"
Retrocomputacion BBS,,Desired Handle,186.13.250.201,,,,"Buenos Aires, , Argentina",,"Mystic"
RetroDigital BBS,,NEW,rdnetbbs.com,,,,"Calgary, AB, Canada",,"Synchronet"
Retrograde (2),,NEW,rtg.dyndns.biz,6428,,,"Lakeland, FL, USA",,"Image BBS"
RF Studio,Demetrius,,rfstudio.mine.nu,2424,,,"Oconomowoc, WI, USA",,"Worldgroup"
Richard's Fun House,,NEW,richardf.synchronetbbs.org,3333,,,"Fremont, CA, USA",,"Synchronet"
Rick's Dev Server,,NEW,69.28.83.254,23,,,"Sugar Land, TX, USA",,"Synchronet"
Riktronics,,NEW,rkbbs.net,,,,"Boones Mill, VA, USA",,"Image BBS"
Risky Business,,Desired Handle,riskybusiness.hopto.org,2323,,,"Sudbury, ON, Canada",,"Mystic"
RMAC Diversi-Dial Station #34,,Press <RETURN>,rmac.d-dial.com,23,,http://rmac.d-dial.com,"Dallas, TX, USA",,"Diversi-Dial"
RMSBBS,,NEW,rmsbbs.ddns.net,23,,,"Natal, , Brazil",,"Synchronet"
Rock BBS,Stizzed,,therockbbs.net,10024,,http://www.therockbbs.net,"Goshen, IN, USA",,"Spitfire"
Rock BBS III,Stizzed,login,therockbbs.net,10023,,,"Goshen, IN, USA",,"Mystic"
Rocket Town BBS,,Desired Handle,rtbbs.ddns.net,23,,,"Titusville, FL, USA",,"Mystic"
Rogue TWGS,,Enter,roguetw.org,2002,,,"Kansas City, MO, USA",,"TWGS"
Roon's BBS,,NEW,bbs.studio64.hu,1212,,,"Budapest, , Hungary",,"Maximus"
Roughneck BBS,,NEW,host.roughneckbbs.com,,,,"Phoenix, AZ, USA",,"Synchronet"
Ruins BBS,,NEW,theunderground.us,9707,,,"Westfield, IN, USA",,"WWIV"
Rust Belt BBS,Kevin Miller,KnightMare,rbbbs.mtonetwork.com,23,,http://www.mtonetwork.com,"Rochester, NY, USA",,"Mystic"
Rusty Mailbox,Al,NEW,trmb.synchro.net,2030,2022,http://trmb.synchro.net,"Penticton, BC, Canada",,"Synchronet"
SA Vintage Computer Community BBS,RetroM,,bbs.vcgsa.co.za,23,,,"Pinetown, KwaZulu-Natal, South Africa",,"Synchronet"
Sanctuary BBS,sandman,,sanctuary.zapto.org,1541,,http://www.brysk.se/sanctuary/,"Gothenburg, , Sweden",,"AmiExpress"
Sanctum II BBS (1),,new,telnet.sanctumbbs.com,23,,,"Coachella Valley, CA, USA",,"Mystic"
Sanctum II BBS (2),,,sanctumbbs.com,6502,,,"Coachella Valley, CA, USA",,"GBBS Pro"
Sandnes BBS,Firestone,new,stokmarknes.org,24,,,"Stokmarknes, , Norway",,"ABBS"
Sands of Time,,,162.243.54.214,23,,,"New York, NY, USA",,"Custom"
Sanitarium BBS,PiddlyD,,wallofhate.com,,,http://wallofhate.com,"Chandler, AZ, USA",,"Citadel"
Santronics R&D Beta Site,,NEW,76.245.57.74,23,,,"Miami, FL, USA",,"Wildcat"
Santronics Software,,Real Name,online.winserver.com,24,,http://www.winserver.com,"Homestead, FL, USA",,"Wildcat"
Sarasum BBS,,NEW,sarasum.com.ar,13023,,,"Miami, FL, USA",,"Mystic"
Satellite 4,Wayne MacDonald Jr,NEW,satellite4.dynu.net,6400,,,"Hawley, PA, USA",,"Color 64"
Saturn 5 BBS,Richard Durivage,,50.88.65.226,23,,,"Melbourne, FL, USA",,"MajorBBS"
Saturn's Orbit BBS,,NEW,saturnsorbit.ddns.net,23,,http://saturnsorbit.hopto.org,"Columbus, OH, USA",,"Mystic"
SBB Systems,,NEW,bbs.sbbsystems.com,8888,,,"London, , England",,"Enigma 1/2"
SBBS.DYNU.NET,ptaylor,NEW,sbbs.dynu.net,2025,2026,,"Vienna, VA, USA",,"Synchronet"
Scratched Reality,,NEW,reality.throwbackbbs.com,2323,,,"Meriden, CT, USA",,"Telegard"
SD2IEC Test BBS,X-Tec,,cib.dyndns.org,6403,,,"Lakeland, FL, USA",,"Image BBS"
Sea Breeze Gaming Network,Jamie,,seabreeze.servegame.com,23,,http://www.seabreezegn.com,"Biddeford, ME, USA",,"Worldgroup"
Search BBS,Nristen,Desired Handle,bbs.theharrisclan.net,34123,2222,,"San Antonio, TX, USA",,"Mystic"
Seattle Community Network,,visitor,scn.org,23,,http://www.scn.org,"Seattle, WA, USA",206-386-4199,"Unix"
Second Coming BBS,crackerjak,new,scbbs.ddns.net,6400,,http://embed.ftelnet.ca/?Hostname=scbbs.ddns.net&amp;Port=6400&amp;Proxy=proxy-us-ga.ftelnet.ca&amp;ProxyPort=80&amp;ProxyPortSecure=443&amp;AutoConnect=true&amp;ConnectionType=telnet&amp;Emulation=ansi-bbs&amp;TopButtons=true&amp;VirtualKeyboard=on&amp;fbclid=IwAR3-ZHKoRYcrkxHKjg8z3oy1vndFxt6UghZwRzW1jIuC_8gyp3WICM9lEzo,"Kankakee, IL, USA",,"CNet Pro"
Seeker's Keep BBS,,NEW,theseeke.synchro.net,,,,"Syracuse, NY, USA",,"Synchronet"
Semjaza BBS,Phillip J Rhoades,Desired Handle,phillip.noip.me,9023,9022,,"Kalamazoo, MI, USA",,"Mystic"
Server 6 BBS,,,server6.homeip.net,,,,"Geelong, VIC, Australia",,"Synchronet"
Shadow BBS,,new,shadowbbs.com,,,,"Glendale Heights, IL, USA",,"DOC"
ShadoWorks BBS,,NEW,bbs.shadoworks.net,,,,"Baltimore, MD, USA",,"Synchronet"
Shadowscope,Richard Miles,NEW,bbs.shadowscope.com,23,,,"Temple, GA, USA",,"Mystic"
Shenk's Express,,NEW,shenks.synchro.net,24,,,"Virginia Beach, VA, USA",,"Synchronet"
Shodan's Core,,NEW,shodanscore.com,,,,"San Francisco, CA, USA",,"Synchronet"
Silent Strike,,NEW,bbs.thesilentstrike.com,23,,,"Glendale, AZ, USA",,"Synchronet"
Silo 9 BBS,,Desired Handle,nervestaple.byte4byte.com,,,,"Chicopee, MA, USA",,"Mystic"
Silppuri BBS,,NEW,51.158.179.184,8888,,,"Amsterdam, , The Netherlands",,"Enigma 1/2"
Silver Oaks BBS,,NEW,silveroaks.synchronetbbs.org,23,,,"Dallas, TX, USA",,"Synchronet"
SilverHawk BBS,espskog,,bbs.silverhawk.no,6400,,http://www.silverhawk.no,"Oslo, , Norway",,"ABBS"
Sinclair Retro BBS,Outsoft,,retrobbs.sinclair.homepc.it,23,,http://sinclairql.wordpress.com,"San Giorgio di Mantova, , Italy",,"Mystic"
Sinistrad's BBS,,Desired Handle,167.71.110.54,,,,"Clifton, NJ, USA",,"Mystic"
Sinner's Haven,Karl Kunc,NEW,75.115.52.103,23,,http://bbs.sinnershaven.com,"Lakeland, FL, USA",,"Mystic"
Sixty-Four Vintage BBS,,,64vintageremixbbs.dyndns.org,6400,,http://www.digitaldial.us,"Miami, FL, USA",,"Color 64"
SJTU,,,202.120.58.91,2323,,,"Shanghai, , China",,"Custom"
Skynet BBS,kazz,,skynetbbs.dynu.net,6400,,,"Windham, ME, USA",,"commodore"
Skynet Gaming BBS,,NEW,skynetgaming.com,23,,,"Murfreesboro, TN, USA",,"Synchronet"
Slackers BBS,,Desired Handle,51.222.110.111,2323,,,"Montreal, QC, Canada",,"Mystic"
Slasher BBS,,NEW,slasherbbs.com,23,,,"Jasper, AL, USA",,"ProBoard"
Slate Hell BBS,,NEW,msbgtn01.synchro.net,23,,,"Mooresburg, TN, USA",,"Synchronet"
Slime City BBS,retrohack,NEW,bbs.retrohack.se,23,,,"Ahus, , Sweden",,"Mystic"
Slinky's Place,Steven Bennett,New,slinkybbs.com,23,,http://slinkybbs.com:8080,"Phenix City, AL, USA",,"Synchronet"
Sloane BBS,,Desired Handle,sloanebbs.com,2323,,,"Montreal, QC, Canada",,"Mystic"
Smallbug BBS,,guest,198.211.33.222,,,,"Los Angeles, CA, USA",,"Custom"
SmallTime BBS,,NEW,smalltimebbs.ddns.net,,,,"Apache Junction, AZ, USA",,"Synchronet"
Smarties BBS,,new,119.246.25.125,,,,"Hong Kong, , China",,"RemoteAccess"
Solarflow BBS,,NEW,solarflow.dynu.net,23,,,"Hayward, CA, USA",,"IBBS"
Sotano MSX BBS,x1pepe,Desired Handle,sotanomsxbbs.org,23,,,"Ibiza, , Spain",,"Mystic"
Sound Source ]|[,Dallas Vinson,,furmenservices.net,2323,,,"Huntsville, AL, USA",,"Mystic"
South Central,Carl Söderstjerna,,southcentral.se,1023,,http://www.southcentral.se,"Ostra Ljungby, , Sweden",,"Max BBS"
SouthEast Star,wkitty42,,sestar.synchro.net,23,,http://sestar.synchro.net,"Sanford, NC, USA",,"Synchronet"
Southern Amis,SouthernAmis,Real Name,southernamis.ddns.net,23,,http://southernamis.com,"Southern, CA, USA",,"Atari"
Space Odyssey,,NEW,bbs.sobbs.org,23,,http://www.sobbs.org,"Kenosha, WI, USA",,"Telegard"
Spades BBS,,NEW,spades.synchronetbbs.org,,,,"Fremont, CA, USA",,"Synchronet"
Spainip.es BBS,,NEW,163.172.149.113,23,,http://bbs.spainip.es,"Malaga, , Spain",,"Synchronet"
St. Guild BBS,,NEW,stguildbbs.ddns.net,23,,,"Strongsville, OH, USA",,"BBS Express Pro"
Stand With Hong Kong,,NEW,swhk.synchronetbbs.org,513,,,"Tokyo, , Japan",,"Synchronet"
Star Collision BBS,Björn Wiberg,,scbbs.nsupdate.info,50023,50022,http://scbbs.nsupdate.info,"Uppsala, Uppland, Sweden",,"Mystic"
Star Fleet HQ,,new,bbs.sfhqbbs.org,5983,,,"Cuyahoga Falls, OH, USA",,"RATSoft"
Star Flight BBS,Joe Piche,Desired Handle,stateoftheark.ca,1990,,,"Calgary, AB, Canada",,"Renegade"
Star Frontiers,William Williams,,starfron.synchronetbbs.org,23,,http://starfron.synchronetbbs.org,"Huntsville, TX, USA",,"Synchronet"
Star Killer TWGS,,Enter,sk-twgs.com,2002,,,"Kansas City, MO, USA",,"TWGS"
Starbase 21,Vector,NEW,bbs.starbase21.net,23,,http://www.starbase21.net,"Lafayette, LA, USA",,"MajorBBS"
Starbase Discovery,,NEW,sb-discovery.com,23,,,"Hendersonville, TN, USA",,"Synchronet"
StarDoc 134,Andrew Baker,New,bbs.stardoc134.com,2323,,http://bbs.stardoc134.com,"Ann Arbor, MI, USA",,"WWIV"
StarFleet BBS,,NEW,24.196.217.136,,,,"Hammond, LA, USA",,"Synchronet"
Startmenu.run BBS,,NEW,startmenu.run,,,,"Timmins, ON, Canada",,"Synchronet"
StealthWorld BBS,onkelarie,,stealthworld.tk,2023,,http://stealthworld.tk,"Rotterdam, ZH, The Netherlands",,"Mystic"
Stepping Stone BBS,cr1mson,NEW,steppingstonebbs.com,23,,http://steppingstonebbs.com,"Wichita, KS, USA",,"Synchronet"
Storm BBS,Adept,Desired Handle,telnet.stormbbs.com ,,,http://stormbbs.com,"Oakland, CA, USA",,"Mystic"
Storm Mountain BBS (TWGS),,Enter,storm-mountain.ddns.net,24000,,,"Rancho Cucamonga, CA, USA",,"TWGS"
Storm Mountain BBS (WWIV),,NEW,storm-mountain.ddns.net,,,,"Rancho Cucamonga, CA, USA",,"WWIV"
Strategic Telecommunication Systems,,NEW,bbs.sts.net,23,,,"Sheboygan, WI, USA",,"Worldgroup"
Street Corner BBS,Fred Tanner,,streetcorner.ddns.net,6400,,,"Madisonville, LA, USA",,"image"
Strip It To Ride,,NEW,209.161.254.33,9000,,,"Victoria, BC, Canada",,"Enigma 1/2"
Stuck in the 90s BBS,Richard Nichols III,,inhahe.dynu.net,23,,http://inhahe.me,"Miami, FL, USA",,"Worldgroup"
Studio Underground BBS,Phenix Briggs,,ugnetbbs.hopto.org,2000,,http://www.atswny.com/subbs/subbs.html,"Cheektowaga, NY, USA",,"Renegade"
Stupendous BBS,,NEW,bbs.stupendous.net,,,,"Concord, CA, USA",,"Synchronet"
Sub Zero BBS,,NEW,szbbs.zapto.org,2400,,,"Miami, FL, USA",,"Millennium 128"
Subcarrier BBS,,Desired Handle,subcarrier.ignorelist.com,2323,,,"Nepean, ON, Canada",,"Mystic"
SubFlame BBS,,Real Name,subflame.ddns.net,2323,,,"Pescara, , Italy",,"RemoteAccess"
SugarRush,mrhatestheworld,Desired Handle,bbs.mrhatestheworld.com,,,,"Eugene, OR, USA",,"Mystic"
Sultan Bey (TWGS),,Enter,games.tradewars-league.com,2002,,,"Seattle, WA, USA",,"TWGS"
Super Dimension Fortress (SDF-1),,new,sdf.org,23,,http://sdf.lonestar.org,"Austin, TX, USA",,"NetBSD"
Surf Shop,,new,ssbbs.ddns.net,64128,,,"Greensboro, NC, USA",,"TaoMod+"
Sursum Corda! BBS,MarcL,,bbs.sursum-corda.com,23,,,"Huntsville, AL, USA",256-895-4786,"Maximus"
Swap BBS,,NEW,dose.0wnz.at,23,,,"Vienna, , Austria",,"Synchronet"
Swedish User Group Of Amiga,,new,suga.se,42512,,,"Akersberga, , Sweden",,"NiKom"
Swords of Chaos Forever BBS,,NEW,bbs.soc4ever.com,23,,http://www.soc4ever.com,"Fort Rucker, AL, USA",,"MajorBBS"
Synchronix,,NEW,freebsd.synchro.net,513,,http://freebsd.synchro.net,"Springside, SK, Canada",,"Synchronet"
Sysop Solaris (Menu),,Select,sysopsolaris.ddns.net,2323,,,"Perrysburg, OH, USA",,"Mystic"
System One BBS,HomieLive,NEW,systemone.ddns.net,6400,,,"Boise, ID, US",,"Image BBS"
T0kerz Hut,,NEW,t0kerz.synchro.net,,,,"Toronto, ON, Canada",,"Synchronet"
Tableflip TWGS,,Enter,35.166.137.5,,,,"Portland, OR, USA",,"TWGS"
TAK Software,,Real Name,bbs.taksoftware.com,,,,"Dallas, TX, USA",,"wildc"
Talisman BBS,,NEW,talismanbbs.com,11892,,,"Sydney, NSW, Australia",,"Talisman BBS"
TCFSH BBS,,new,210.60.35.242,,,,"Taipei, , Taiwan",,"Custom"
TCS Online,,NEW,bbs.trianglecloud.xyz,23,,,"Ashburn, VA, USA",,"Synchronet"
Technically BBS,,des,bbs.billingham.ca,2323,,,"Newmarket, ON, Canada",,"Mystic"
Techware,,Real Name,bbs.techware2k.com,23,,http://www.techware.dynip.com,"Los Angeles, CA, USA",,"Wildcat"
Telehack,,,telehack.com,23,,http://telehack.com,"Mountain View, CA, USA",,"Telehack"
Tempest Fury BBS,,NEW,tempestfury.d2g.com,23,,,"New York, NY, USA",,"Synchronet"
Terminal Obsession,lastyle,,terminal-obsession.hopto.org,1541,,,"Cologne, , Germany",,"AmiExpress"
thE qUAntUm wOrmhOlE,MeaTLoTioN,Desired Handle,bbs.erb.pw,23,45022,http://www.erb.pw,"Ramsgate, Kent, UK",,"Mystic"
The Titantic BBS Telnet,T.J. McMillen,NEW,ttb.rgbbs.info,23,,http://www.rgbbs.info,", PA, USA",,"Renegade"
This Old Cabin BBS,Björn Sundberg,,bbs.thisoldcabin.net,6464,,http://bbs.thisoldcabin.net,"Visby, Gotland, Sweden",,"DLG Professional"
Throwback BBS,maskreet,Handle/Real Name/Guest account,bbs.throwbackbbs.com,23,,http://www.throwbackbbs.com,"Meriden, CT, USA",,"Mystic"
Thunderbolt BBS,Daryl Stout,Select APPLY from Matrix Login,tbolt.synchro.net,23,22036,http://tbolt.synchro.net,"Little Rock, Arkansas, United States",,"Synchronet"
Time Warp BBS,,NEW,twbbs.ddnsfree.com,6428,,,"Yorktown Heights, NY, USA",,"CNet"
Time Warp of Future,,NEW,time.synchro.net,24,,,"Cougar, WA, USA",,"Synchronet"
Tiny's BBS,T1ny,Desired Alias,tinysbbs.com,3023,22,http://www.tinysbbs.com,"Oshawa, ON, Canada",,"Ezycom"
Tinycore Lab,lids,NEW,tinycore.synchronetbbs.org,,,http://tinycorelab.noblogs.org,"Richardson, TX, USA",,"Synchronet"
Toadville BBS,,NEW,bbs.toadville.org,23,,,"Jacksonville, FL, USA",,"Synchronet"
Tommy's Holiday Camp,Tommy,Desired Handle,vintage.thcbbs.com,23,,http://thcbbs.com,"Victoria, BC, Canada",,"NanoBBS"
Total Lost BBS,,Desired Handle,bbs.deek.se,23,,,"Harnosand, , Sweden",,"Mystic"
Total Response BBS,,NEW,70.231.6.57,,,,"Austin, TX, USA",,"Synchronet"
Totallynerd BBS,,NEW,totallynerd.com,23,,,"Dallas, TX, USA",,"Synchronet"
Tower of High Sorcery,Raistlin,NEW,tohs.hopto.org,,,,"Winter Springs, FL, USA",,"MajorBBS"
Toxic BBS (Synchronet),,NEW,45.79.73.28,,,,"Fremont, CA, USA",,"Synchronet"
Toxic Laboratory,Lab Rat,NEW,toxicbbs.com,23,,,"Birmingham, , United Kingdom",,"Synchronet"
TQPS MPGS,,NEW,118.211.184.142,,,,"Sydney, NSW, Australia",,"Worldgroup"
Trader Vic's TWGS,,Enter,tradervicstw.servebeer.com,,,,"Cadillac, MI, USA",,"TWGS"
TradersBay BBS,,NEW,tradersbay.net,513,,,"Dallas, TX, USA",,"Synchronet"
Trashcan BBS,nickmackechnie,NEW,bbs.thenet.gen.nz,2324,,http://bbs.thenet.gen.nz,"Christchurch, , New Zealand",,"Searchlight"
Trex BBS,,,trexbbs.org,23,,,"San Francisco, CA, USA",,"Custom"
Tri-Lynx 2021,,NEW,104.40.86.171,,,,"San Jose, CA, USA",,"Worldgroup"
Tribe BBS,,,tribe.duckdns.org,2223,,,"London, , England",,"Mystic"
Troy's Den BBS,,Desired Handle,troybbs.com,23,,,"Phoenix, AZ, USA",,"Mystic"
Tundra's BBS,,Desired Handle,24.80.132.37,,,,"Vancouver, BC, Canada",,"Mystic"
TWBBS,,,163.21.236.8,,,,"Taipei, , Taiwan",,"Custom"
Twixed BBS,,Desired Handle,bbs.twixed.net,513,,,"Dallas, TX, USA",,"Mystic"
Two Girl BBS,,guest,bbs.2girl.net,,,,"Taipei, , Taiwan",,"Custom"
UK BBS,Alick Gardiner,NEW,ukbbs.zapto.org,,,,"Newcastle Upon Tyne, , England",,"Synchronet"
Uncensored!,,bbs,uncensored.citadel.org,23,,http://uncensored.citadel.org,"Mt. Kisco, NY, USA",,"Citadel"
Undercurrents BBS (Enigma),,Apply,undercurrents.io,8088,,,"Santa Clara, CA, USA",,"Enigma 1/2"
Undercurrents BBS (Synchronet),,NEW,uc.synchronetbbs.org,23,,,"Fremont, CA, USA",,"Synchronet"
Underground BBS (1),Doug Cooper,Desired Handle,theunderground.us,10023,,http://www.theunderground.us/10023,"Westfield, IN, USA",,"Mystic"
Underground BBS (2),Orobas,NEW,x.theundergroundbbs.net,,,,"Clearwater, FL, USA",,"Synchronet"
Underground BBS (3),,NEW,bbs.undrground.org,,,,"New York City, NY, USA",,"Worldgroup"
Underground BBS (4),,NEW,98.226.170.21,,,,"Schaumburg, IL, USA",,"Synchronet"
Undermine BBS,,NEW,bbs.undermine.ca,423,,,"Calgary, AB, Canada",,"Synchronet"
Unicyber BBS,rmh,,bbs.unicyber.co.uk,2323,,,"Hitchin, , United Kingdom",,"Synchronet"
Universal Joint BBS,John Hiemenz,,bbs.ujoint.org,,,,"Victory Center, WI, USA",,"Synchronet"
Unknown BBS,,NEW,tubbs.synchro.net,,,,"Finley, WA, USA",,"Synchronet"
Unknown Realm (Mystic),Mike M,,turealm.no-ip.org,3023,,,"Oshawa, Ontario, Canada",,"Mystic"
Unknown Realm (PCBoard),Mike M,NEW,turealm.no-ip.org,2323,,,"Oshawa, ON, Canada",,"PCBoard"
Unleashed BBS,Roy Prokesh,NEW,dns.unleashedinet.org,23,,,"Washington, IL, USA",,"Synchronet"
UpsideDownMagic (TWGS),,Enter,upsidedownmagic.net,2002,,,"Jacksonville, FL, USA",,"TWGS"
UpsideDownMagic (Worldgroup),Noah Tackette,NEW,upsidedownmagic.net,,,,"Jacksonville, FL, USA",,"Worldgroup"
UserClub BBS,,,75.181.178.39,23,,,"Jacksonville, NC, USA",,"Synchronet"
Uzi Suicide,,NEW,uzisuicide.servebbs.org,23,,,"Fishers Island, NY, USA",,"AmiExpress"
VA7AQD's Tavern,,NEW,bbs.isurf.ca,23,,,"Kamloops, BC, Canada",,"Synchronet"
Vague BBS,Vague,,vague.ddns.net,23,22,http://vague.ddns.net,"Largo, FL, USA",,"Synchronet"
Valhalla Home Services (1),DesotoFireflite,NEW,bbs.valhallahomeservices.com,23,,http://bbs.valhallahomeservices.com,"Bon Air, VA, USA",,"Synchronet"
Valhalla Home Services (2),DesotoFireflite,,bbs.valhallahomeservices.com,24,,,"Bon Air, VA, USA",,"GAP"
Valley BBS,the_vipah,,valleybbs.com,23,,http://www.valleybbs.com,"Summerland, BC, Canada",,"Synchronet"
Vault BBS,Rodrigo Peláez,Desired Handle,thevaultbbs.ddns.net,2323,,,"Buenos Aires, , Argentina",,"Mystic"
Veleno BBS,Krueger,NEW,telnet.velenobbs.net,23,,http://www.velenobbs.net,"Rovereto, , Italy",,"Synchronet"
Vengeance BBS,Elder0010,,vengeance.dynu.com,1337,,,"Rome, , Italy",,"Mystic"
Vertrauen,,NEW,vert.synchro.net,23,,http://vert.synchro.net,"Riverside County, CA, USA",,"Synchronet"
Vger Cloud BBS,tallship,Desired Handle,vger.fsxnet.nz,23,,,"Helsinki, , Finland",,"Mystic"
Vid Kids World (TWGS),,Enter,202.151.82.243,2002,,,"Dededo Village, GU, USA",,"TWGS"
Violet Hub BBS,,Desired Handle,73.148.108.91,,,,"Fredericksburg, VA, USA",,"Mystic"
Virtualaltair.com Remote CP/M,virtualaltair,,altair.virtualaltair.com,4667,,http://www.virtualaltair.com,"Los Lunas, NM, USA",,"CP/M"
Void BBS,,NEW,voidbbs.com,23,,,"Sammamish, WA, USA",,"Worldgroup"
Vortex BBS (1),arelas,,vortexbbs.com,,,http://vortexbbs.com,"Clemson, SC, USA",,"Mystic"
Vortex BBS (2),strahinja bojovic,Real Name,vortex.redirectme.net,3777,,,"Novi Sad, , Serbia",,"Wildcat"
w0pr.win,Richard Swartz,Desired Handle,w0pr.win,23,,,"Sparta, TN, USA",,"Mystic"
W4BFB,MARS,,packet.w4bfb.org,2333,,http://packet.w4bfb.org,"Charlotte, NC, USA",,"BPQ32"
WABAC Machine BBS,Joe,NEW,wabac.ccsnet.com,23,,http://wabac.ccsnet.com,"Plymoouth, MA, USA",,"Worldgroup"
War Ensemble BBS,DaiTengu,,warensemble.com,23,22,http://warensemble.com,"Appleton, WI, USA",920-840-6311,"Synchronet"
Wasteland Trader,,Desired Handle,bbs.wastelandtrader.com,2323,,,"Brandon, FL, USA",,"Mystic"
Wasteland Trader BBS,,Desired Handle,bbs.wastelandtrader.com,2323,2222,,"Tampa, FL, USA",,"Mystic"
Wastelands BBS (1),,NEW,wastelands-bbs.net,23,,,"Copperopolis, CA, USA",,"Synchronet"
Wastelands BBS (2),,NEW,81.231.15.95 ,2323,,,"Perstorp, , Sweden",,"Synchronet"
WE6JBO BBS,,Desired Handle,we6jbobbsdotorg.duckdns.org,,,,"San Diego, CA, USA",,"Mystic"
Weather Station BBS,,NEW,bbs.weather-station.org,23,,http://www.weather-station.org,"Bel Air, MD, USA",,"WWIV"
Westland BBS,Martien Korenblom,Desired Handle,bbs.korenblom.nl,,22,,"Westland, ZH, The Netherlands",,"Mystic"
Westwood BBS II,MIchael Newkirk,,westwoodbbs.net,8888,,http://N/A,"King George, VA, USA",,"Enigma 1/2"
Whiskey Tango,,NEW,whiskey.synchronetbbs.org,23,,,"Dallas, TX, USA",,"Synchronet"
Whisky Lover's Amateur Radio BBS,,NEW,wd1cks.org,23,,,"Lake Forest, CA, USA",,"Synchronet"
Wicked Garden BBS,Hung Tran,Real Name,wgbbs.ddns.net,,,,"Melbourne, VIC, Australia",,"Ezycom"
Wildcat's Castle BBS,Wildcat's Castle BBS,Real Name or Alias,bbs.wccastle.net,2424,,http://www.wccastle.net,"Eugene, OR, USA",,"Wildcat"
Willow Creek BBS,pawprintlogic1,new,willowcreekbbs.dynu.net,6400,,http://willowcreekbbsonline.com,"Carol Stream, IL, USA",,"Color 64"
Windy City BBS,,,bbs.windcity.net,,,,"Taipei, , Taiwan",,"Custom"
Wintermute BBS,lodger,BBS,wintermute.spdns.eu,23,2222,http://commfud.ufud.org,"Duesseldorf, , Germany",,"MBSE"
Wisp's BBS,,Desired Handle,116.203.124.57,,,,"Gunzenhausen, , Germany",,"Mystic"
Wizard's Castle,Wildcat's Castle BBS,Real Name or Alias,wccastle.synchro.net,24,,http://wccastle.synchro.net,"Eugene, OR, USA",,"Synchronet"
Worldgroup Demo Site,,NEW,96.231.233.58,23,,,"Falls Church, VA, USA",,"Worldgroup"
Worlds Apart (TWGS),,Enter,tw.worldsapart.net,2002,,,"Santa Clarita, CA, USA",,"TWGS"
Wormhole BBS,,,vk4tub.net,6300,,,"Brisbane, QLD, Australia",,"Custom"
Wormhole II BBS,Rick Smith,,wh2bbs.us,2321,,http://wh2bbs.us:8001,"Portland, OR, USA",,"Synchronet"
Wretched Beagle BBS,GranitePenguin,NEW,bbs.wretchedbeagle.com,23,2222,,"Plainfield, IL, USA",,"WWIV"
Wrong Number ][ BBS,Bucko,,wn2.duckdns.org,23,,http://wnbbs.duckdns.org,"Yorktown Heights, NY, USA",,"Mystic"
Wrong Number ][ V1.2b,X-Tec,,cib.dyndns.org,6404,,,"Lakeland, FL, USA",,"Image BBS"
Wrong Number ][ V2.0,X-Tec,,cib.dyndns.org,6405,,,"Lakeland, FL, USA",,"Image BBS"
Wrong Number ]I[ BBS,Bucko,NEW,wn2.duckdns.org,6400,,http://wnbbs.duckdns.org,"Yorktown Heights, NY, USA",,"CNet Pro"
Wrong Number IV BBS,Bucko,,wn2.duckdns.org,3000,,http://wnbbs.duckdns.org,"Yorktown Heights, NY, USA",,"Image BBS"
Wu Ling BBS,,guest,139.180.205.27,2323,,,"Tokyo, , Japan",,"Custom"
WWIV Frontier BBS,KrUpTiOn,new,frontierbbs.net,2333,,http://frontierbbs.net,"Akron, OH, USA",,"WWIV"
WWWNet,,NEW,wwwnet.org,8888,,,"Miami, FL, USA",,"Enigma 1/2"
X-Caliber BBS,k1ds3ns4t10n,,bbs.aholix.net,6800,,,"Detroit, MI, USA",,"CNet Pro"
X/84 BBS,,NEW,1984.ws,,,,"Frankfurt am Main, , Germany",,"X/84"
Xhost,,NEW,xhost.ca,,,,"Toronto, On, Canada",,"Synchronet"
Xibalba,NuSkooler,new,xibalba.l33t.codes,44510,44511,http://https://xibalba.l33t.codes/,"Salt Lake City, UT, USA",Salt Lake City: 385-248-568 / Miami : 305-749-5008 / San Francisco: 415-231-1260,"Enigma 1/2"
XM CORE,Dwight Spencer,,bbs.dapla.net,23,,http://bbs.dapla.net,"Carrollton, TX, USA",,"Mystic"
Xylinvale BBS,,Desired Handle,139.59.210.158,23,,,"Frankfurt am Main, , Germany",,"Mystic"
Yard BBS,,NEW,217.138.194.181,,,,"Frankfurt am Main, , Germany",,"Daydream"
Yuma High Tide BBS,,NEW,173.18.65.62,2323,,,"Columbia, MO, USA",,"WWIV"
ZakHooi's C64 BBS,,NEW,mijnc64.staatonline.com,,,,"Amsterdam, , The Netherlands",,"Synchronet"
Zandura BBS,,NEW,zandura.synchronetbbs.org,23,,,"Fremont, CA, USA",,"Synchronet"
Zenas Prime,,Desired Handle,zenasprime.net,2323,,,"Oaklyn, NJ, USA",,"Mystic"
Zenolab,,Apply,zenolab.synchro.net,23,,,"San Juan, PR, USA",,"Synchronet"
Zju.edu,,guest,bbs.zju.edu.cn,2323,,,"Qinghe, , China",,"Custom"
Zombie Zone BBS,,NEW,hcow.dynu.net,61912,,,"Tampa, FL, USA",,"Synchronet"
Zone BBS,,Desired Handle,zonebbs.net,23,,,"Berea, OH, USA",,"Mystic"
Zruspa's BBS II,,NEW,bbs.zruspas.org,23,,,"Madrid, , Spain",,"Synchronet"
